Workbook

Sheet 說明
B2: 排課系統 通用母版 v4（各校共用版）
B3: 由內湖國小 v3.1 抽象化：學校資料已清空、各表留一筆灰字範例列（請替換）。建立日期：2026/7/9
B4: 使用步驟：1)填學校基本資料 2)科目表改校訂課程名稱(校訂A~F，需同步改節數矩陣/配課表/未配課警示表頭與鐘點彙總) 3)其餘依原填寫順序。
B5: 【v3 新增（對應排課硬規格）】
B6: 1. 設定_科目表：改以「操作科目」為單位（藝術拆音樂/視覺藝術、健體拆健康/體育），
B7: 新增 operation_subject_id、curriculum_slot_id、預設場地、分散/連堂/禁排節次參數。
B8: 2. 設定_場地表：場地由科目自動帶出；例外一律填「場地例外(room_override)」分頁。
B9: 3. 設定_年段時段：各年級可排時段矩陣（低23/中29/高32節），預設值依114-1課表推定，可修改。
B10: 4. 教師時段限制：個人禁排時段（已預填生教組長每日第7節）。
B11: 5. 固定課鎖定：類型「鎖定」=硬規則不可移動；「偏好」=軟規則（保留去年課表用）。
B12: 6. 未配課警示：節數>0 但未配教師者列警示，排課引擎不硬排（硬規格12）。
B13: 7. 資源班overlay：獨立分頁，排課後疊加顯示，不覆蓋原班課表（硬規格13）。
... B31: 5. 教師時段限制預填直播協同(萬芳妤/卜芊芸/林妤蔚/江志宏/邱梅英/李宥榆/趙曉蕓/陳羽祺)。

Sheet 學校基本資料
A1: 學校名稱 | B1: ○○國小
A2: 學年度 | B2: 115
A3: 縣市 | B3: ○○市
A4: 班級數(自動) | B4: =COUNTA(班級基本資料!A2:A41) -> 1
A5: 教師數(自動) | B5: =COUNTA(教師名冊!A2:A61) -> 6
A6: 容量上限 | B6: 40班／60名教師／24科目；超過請聯絡維護者擴充

Sheet 設定_節次結構
A1: 節次代碼 | B1: 名稱 | C1: 開始 | D1: 結束 | E1: 屬性
A2: 早 | B2: 早自習 | C2: 8:00 | D2: 8:40 | E2: 早自習/僅限指定課程(新住民語等)，不佔正課
A3: 1 | B3: 第1節 | C3: 8:50 | D3: 9:30 | E3: 正課
A4: 2 | B4: 第2節 | C4: 9:40 | D4: 10:20 | E4: 正課
A5: 3 | B5: 第3節 | C5: 10:30 | D5: 11:10 | E5: 正課
A6: 4 | B6: 第4節 | C6: 11:20 | D6: 12:00 | E6: 正課
A7: 午休 | B7: 午休 | C7: 12:00 | D7: 13:30 | E7: 午休/不可排
A8: 5 | B8: 第5節 | C8: 13:30 | D8: 14:10 | E8: 正課
A9: 6 | B9: 第6節 | C9: 14:20 | D9: 15:00 | E9: 正課
A10: 7 | B10: 第7節 | C10: 15:10 | D10: 15:50 | E10: 正課

Sheet 設定_年段時段
A1: 年級 | B1: 一1 | C1: 一2 | D1: 一3 | E1: 一4 | F1: 一5 | G1: 一6 | H1: 一7 | I1: 二1 | J1: 二2 | K1: 二3 | L1: 二4 | M1: 二5 | N1: 二6 | O1: 二7 | P1: 三1 | Q1: 三2 | R1: 三3 | S1: 三4 | T1: 三5 | U1: 三6 | V1: 三7 | W1: 四1 | X1: 四2 | Y1: 四3 | Z1: 四4 | AA1: 四5 | AB1: 四6 | AC1: 四7 | AD1: 五1 | AE1: 五2 | AF1: 五3 | AG1: 五4 | AH1: 五5 | AI1: 五6 | AJ1: 五7 | AK1: 合計 | AL1: 目標 | AM1: 檢核
A2: 1 | B2: 1 | C2: 1 | D2: 1 | E2: 1 | F2: 0 | G2: 0 | H2: 0 | I2: 1 | J2: 1 | K2: 1 | L2: 1 | M2: 1 | N2: 1 | O2: 1 | P2: 1 | Q2: 1 | R2: 1 | S2: 1 | T2: 0 | U2: 0 | V2: 0 | W2: 1 | X2: 1 | Y2: 1 | Z2: 1 | AA2: 0 | AB2: 0 | AC2: 0 | AD2: 1 | AE2: 1 | AF2: 1 | AG2: 1 | AH2: 0 | AI2: 0 | AJ2: 0 | AK2: =SUM(B2:AJ2) -> 23 | AL2: 23 | AM2: =IF(AK2=AL2,"✓","✗ 不符") -> ✓
A3: 2 | B3: 1 | C3: 1 | D3: 1 | E3: 1 | F3: 0 | G3: 0 | H3: 0 | I3: 1 | J3: 1 | K3: 1 | L3: 1 | M3: 1 | N3: 1 | O3: 1 | P3: 1 | Q3: 1 | R3: 1 | S3: 1 | T3: 0 | U3: 0 | V3: 0 | W3: 1 | X3: 1 | Y3: 1 | Z3: 1 | AA3: 0 | AB3: 0 | AC3: 0 | AD3: 1 | AE3: 1 | AF3: 1 | AG3: 1 | AH3: 0 | AI3: 0 | AJ3: 0 | AK3: =SUM(B3:AJ3) -> 23 | AL3: 23 | AM3: =IF(AK3=AL3,"✓","✗ 不符") -> ✓
A4: 3 | B4: 1 | C4: 1 | D4: 1 | E4: 1 | F4: 1 | G4: 1 | H4: 1 | I4: 1 | J4: 1 | K4: 1 | L4: 1 | M4: 1 | N4: 1 | O4: 1 | P4: 1 | Q4: 1 | R4: 1 | S4: 1 | T4: 0 | U4: 0 | V4: 0 | W4: 1 | X4: 1 | Y4: 1 | Z4: 1 | AA4: 1 | AB4: 1 | AC4: 1 | AD4: 1 | AE4: 1 | AF4: 1 | AG4: 1 | AH4: 0 | AI4: 0 | AJ4: 0 | AK4: =SUM(B4:AJ4) -> 29 | AL4: 29 | AM4: =IF(AK4=AL4,"✓","✗ 不符") -> ✓
A5: 4 | B5: 1 | C5: 1 | D5: 1 | E5: 1 | F5: 1 | G5: 1 | H5: 1 | I5: 1 | J5: 1 | K5: 1 | L5: 1 | M5: 1 | N5: 1 | O5: 1 | P5: 1 | Q5: 1 | R5: 1 | S5: 1 | T5: 0 | U5: 0 | V5: 0 | W5: 1 | X5: 1 | Y5: 1 | Z5: 1 | AA5: 1 | AB5: 1 | AC5: 1 | AD5: 1 | AE5: 1 | AF5: 1 | AG5: 1 | AH5: 0 | AI5: 0 | AJ5: 0 | AK5: =SUM(B5:AJ5) -> 29 | AL5: 29 | AM5: =IF(AK5=AL5,"✓","✗ 不符") -> ✓
A6: 5 | B6: 1 | C6: 1 | D6: 1 | E6: 1 | F6: 1 | G6: 1 | H6: 1 | I6: 1 | J6: 1 | K6: 1 | L6: 1 | M6: 1 | N6: 1 | O6: 1 | P6: 1 | Q6: 1 | R6: 1 | S6: 1 | T6: 0 | U6: 0 | V6: 0 | W6: 1 | X6: 1 | Y6: 1 | Z6: 1 | AA6: 1 | AB6: 1 | AC6: 1 | AD6: 1 | AE6: 1 | AF6: 1 | AG6: 1 | AH6: 1 | AI6: 1 | AJ6: 1 | AK6: =SUM(B6:AJ6) -> 32 | AL6: 32 | AM6: =IF(AK6=AL6,"✓","✗ 不符") -> ✓
A7: 6 | B7: 1 | C7: 1 | D7: 1 | E7: 1 | F7: 1 | G7: 1 | H7: 1 | I7: 1 | J7: 1 | K7: 1 | L7: 1 | M7: 1 | N7: 1 | O7: 1 | P7: 1 | Q7: 1 | R7: 1 | S7: 1 | T7: 0 | U7: 0 | V7: 0 | W7: 1 | X7: 1 | Y7: 1 | Z7: 1 | AA7: 1 | AB7: 1 | AC7: 1 | AD7: 1 | AE7: 1 | AF7: 1 | AG7: 1 | AH7: 1 | AI7: 1 | AJ7: 1 | AK7: =SUM(B7:AJ7) -> 32 | AL7: 32 | AM7: =IF(AK7=AL7,"✓","✗ 不符") -> ✓
B9: 1=可排、0=不可排。預設依114-1課表推定（低:週二下午/中:一二四/高:一二四五；週三下午全校不排），請依實際修改。

Sheet 設定_場地表
A1: room_id | B1: 場地名稱 | C1: 同時段容量(班) | D1: 備註 | E1: 本土語徵用順位
A2: R00 | B2: 普通教室(原班) | C2: 99 | D2: 各班自有教室，不互相衝突
A3: R01 | B3: 自然教室 | C3: 1 | D3: 請依貴校實際教室數調整容量 | E3: 5
A4: R02 | B4: 音樂教室 | C4: 1
A5: R03 | B5: 電腦教室 | C5: 1
A6: R04 | B6: 操場/體育館 | C6: 2 | D6: 雨天備案與容量請依實際修改
A7: R05 | B7: 視聽教室 | C7: 1 | D7: 備用 | E7: 3
A8: R06 | B8: 圖書室 | C8: 1 | D8: 備用 | E8: 4
A9: R07 | B9: 輔導室 | C9: 1 | D9: 本土語分組用（範例）
A10: R08 | B10: 微型圖書館 | C10: 1 | D10: 本土語分組用（範例） | E10: 2
A11: R09 | B11: 英語教室 | C11: 1 | D11: 本土語分組用（範例） | E11: 1
A12: R10 | B12: 檔案室 | C12: 1 | D12: 本土語分組用（範例）
A13: R11 | B13: 幼兒園二樓 | C13: 1 | D13: 本土語分組用（範例）
B15: 徵用順位：本土語實體分組未指定教室時，引擎依順位自動選用並封鎖該時段（英語教室、自然教室等可列入）。

Sheet 設定_科目表
A1: operation_subject_id | B1: 操作科目 | C1: curriculum_slot_id | D1: 課綱歸屬 | E1: 課程類型 | F1: 一 | G1: 二 | H1: 三 | I1: 四 | J1: 五 | K1: 六 | L1: 預設授課身份 | M1: 預設場地room_id | N1: 場地名稱 | O1: 每週最少分散天數 | P1: 連堂需求 | Q1: 禁排節次 | R1: 備註 | S1: 連堂場地模式
A2: OP01 | B2: 國語文 | C2: CUR-A01 | D2: 國語文 | E2: 領域 | F2: 6 | G2: 6 | H2: 5 | I2: 5 | J2: 5 | K2: 5 | L2: 導師 | M2: R00 | N2: =IFERROR(VLOOKUP(M2,設定_場地表!$A$2:$B$13,2,0),"") -> 普通教室(原班) | O2: 2
A3: OP02 | B3: 本土語文 | C3: CUR-A02 | D3: 本土語文/新住民語文 | E3: 領域 | F3: 1 | G3: 1 | H3: 1 | I3: 1 | J3: 1 | K3: 1 | L3: 科任 | M3: R00 | N3: =IFERROR(VLOOKUP(M3,設定_場地表!$A$2:$B$13,2,0),"") -> 普通教室(原班) | R3: 全年級同時段分組跑班；直播共學時段依當學年公告填入固定課鎖定
A4: OP03 | B4: 英語文 | C4: CUR-A03 | D4: 英語文 | E4: 領域 | F4: 0 | G4: 0 | H4: 1 | I4: 1 | J4: 2 | K4: 2 | L4: 科任 | M4: R00 | N4: =IFERROR(VLOOKUP(M4,設定_場地表!$A$2:$B$13,2,0),"") -> 普通教室(原班) | O4: 2
A5: OP04 | B5: 數學 | C5: CUR-A04 | D5: 數學 | E5: 領域 | F5: 4 | G5: 4 | H5: 4 | I5: 4 | J5: 4 | K5: 4 | L5: 導師 | M5: R00 | N5: =IFERROR(VLOOKUP(M5,設定_場地表!$A$2:$B$13,2,0),"") -> 普通教室(原班) | O5: 2 | R5: 有資源班學生之班級需與overlay連動
A6: OP05 | B6: 生活課程 | C6: CUR-A05 | D6: 生活課程 | E6: 領域 | F6: 5 | G6: 5 | H6: 0 | I6: 0 | J6: 0 | K6: 0 | L6: 導師 | M6: R00 | N6: =IFERROR(VLOOKUP(M6,設定_場地表!$A$2:$B$13,2,0),"") -> 普通教室(原班) | R6: 低年級如拆節數給音樂等科任，請自行調整本表節數
A7: OP06 | B7: 社會 | C7: CUR-A06 | D7: 社會 | E7: 領域 | F7: 0 | G7: 0 | H7: 3 | I7: 3 | J7: 3 | K7: 3 | L7: 科任 | M7: R00 | N7: =IFERROR(VLOOKUP(M7,設定_場地表!$A$2:$B$13,2,0),"") -> 普通教室(原班) | O7: 2
A8: OP07 | B8: 自然科學 | C8: CUR-A07 | D8: 自然科學 | E8: 領域 | F8: 0 | G8: 0 | H8: 3 | I8: 3 | J8: 3 | K8: 3 | L8: 科任 | M8: R01 | N8: =IFERROR(VLOOKUP(M8,設定_場地表!$A$2:$B$13,2,0),"") -> 自然教室 | O8: 2 | P8: 2+1 | R8: 硬規格8：2+1分兩天，連兩節不跨午休；場地不足可改「連堂科任+單節原班」 | S8: 全程指定場地
A9: OP08 | B9: 音樂 | C9: CUR-A08 | D9: 藝術 | E9: 領域 | F9: 1 | G9: 1 | H9: 1 | I9: 1 | J9: 1 | K9: 1 | L9: 科任 | M9: R02 | N9: =IFERROR(VLOOKUP(M9,設定_場地表!$A$2:$B$13,2,0),"") -> 音樂教室 | R9: 低年級由生活課程拆出
A10: OP09 | B10: 視覺藝術 | C10: CUR-A08 | D10: 藝術 | E10: 領域 | F10: 0 | G10: 0 | H10: 2 | I10: 2 | J10: 2 | K10: 2 | L10: 科任 | M10: R00 | N10: =IFERROR(VLOOKUP(M10,設定_場地表!$A$2:$B$13,2,0),"") -> 普通教室(原班) | P10: 2連堂 | R10: 需連續兩節
A11: OP10 | B11: 綜合活動 | C11: CUR-A09 | D11: 綜合活動 | E11: 領域 | F11: 0 | G11: 0 | H11: 2 | I11: 2 | J11: 2 | K11: 2 | L11: 導師 | M11: R00 | N11: =IFERROR(VLOOKUP(M11,設定_場地表!$A$2:$B$13,2,0),"") -> 普通教室(原班)
A12: OP11 | B12: 健康 | C12: CUR-A10 | D12: 健康與體育 | E12: 領域 | F12: 1 | G12: 1 | H12: 1 | I12: 1 | J12: 1 | K12: 1 | L12: 科任 | M12: R00 | N12: =IFERROR(VLOOKUP(M12,設定_場地表!$A$2:$B$13,2,0),"") -> 普通教室(原班)
A13: OP12 | B13: 體育 | C13: CUR-A10 | D13: 健康與體育 | E13: 領域 | F13: 2 | G13: 2 | H13: 2 | I13: 2 | J13: 2 | K13: 2 | L13: 科任 | M13: R04 | N13: =IFERROR(VLOOKUP(M13,設定_場地表!$A$2:$B$13,2,0),"") -> 操場/體育館 | O13: 2 | Q13: 4,5 | R13: 硬規格6：不排第4、5節
A14: OP13 | B14: 校訂A | C14: CUR-B01 | D14: 彈性-統整探究 | E14: 彈性 | F14: 1 | G14: 1 | H14: 1 | I14: 1 | J14: 1 | K14: 1 | L14: 導師 | M14: R00 | N14: =IFERROR(VLOOKUP(M14,設定_場地表!$A$2:$B$13,2,0),"") -> 普通教室(原班) | R14: 範例：請改為貴校校訂課程名稱、節數與場地
A15: OP14 | B15: 校訂B | C15: CUR-B02 | D15: 彈性-統整探究 | E15: 彈性 | F15: 1 | G15: 1 | H15: 1 | I15: 1 | J15: 1 | K15: 1 | L15: 科任 | M15: R00 | N15: =IFERROR(VLOOKUP(M15,設定_場地表!$A$2:$B$13,2,0),"") -> 普通教室(原班) | R15: 範例：請改為貴校校訂課程名稱、節數與場地
A16: OP15 | B16: 校訂C | C16: CUR-B03 | D16: 彈性-統整探究 | E16: 彈性 | F16: 0 | G16: 0 | H16: 1 | I16: 1 | J16: 1 | K16: 1 | L16: 科任 | M16: R03 | N16: =IFERROR(VLOOKUP(M16,設定_場地表!$A$2:$B$13,2,0),"") -> 電腦教室 | R16: 範例：請改為貴校校訂課程名稱、節數與場地
A17: OP16 | B17: 校訂D | C17: CUR-B04 | D17: 彈性-統整探究 | E17: 彈性 | F17: 0 | G17: 0 | H17: 1 | I17: 1 | J17: 1 | K17: 1 | L17: 導師 | M17: R00 | N17: =IFERROR(VLOOKUP(M17,設定_場地表!$A$2:$B$13,2,0),"") -> 普通教室(原班) | R17: 範例：請改為貴校校訂課程名稱、節數與場地
A18: OP17 | B18: 校訂E | C18: CUR-B05 | D18: 彈性-統整探究 | E18: 彈性 | F18: 0 | G18: 0 | H18: 0 | I18: 0 | J18: 1 | K18: 1 | L18: 科任 | M18: R02 | N18: =IFERROR(VLOOKUP(M18,設定_場地表!$A$2:$B$13,2,0),"") -> 音樂教室 | R18: 範例：請改為貴校校訂課程名稱、節數與場地
A19: OP18 | B19: 校訂F | C19: CUR-B06 | D19: 彈性-其他類 | E19: 彈性 | F19: 1 | G19: 1 | H19: 0 | I19: 0 | J19: 1 | K19: 1 | L19: 導師 | M19: R00 | N19: =IFERROR(VLOOKUP(M19,設定_場地表!$A$2:$B$13,2,0),"") -> 普通教室(原班) | R19: 範例：請改為貴校校訂課程名稱、節數與場地
B20: 合計檢核 | F20: =SUM(F2:F19) -> 23 | G20: =SUM(G2:G19) -> 23 | H20: =SUM(H2:H19) -> 29 | I20: =SUM(I2:I19) -> 29 | J20: =SUM(J2:J19) -> 32 | K20: =SUM(K2:K19) -> 32

Sheet 本土語分組
A1: 年級 | B1: 固定時段 | C1: 節次 | D1: 語別 | E1: 人數 | F1: 授課教師/直播教師 | G1: 場地room_id | H1: 場地名稱 | I1: 協同教師 | J1: 備註
A2: 1 | B2: 週二 | C2: 1 | D2: 閩南語 | E2: 20 | F2: ○教支 | G2: R00 | H2: =IFERROR(VLOOKUP(G2,設定_場地表!$A$2:$B$13,2,0),"") -> 普通教室(原班) | J2: 範例列：依貴校語別分組填寫
A3: 1 | B3: 週二 | C3: 1 | D3: 原民語(直播) | E3: 1 | F3: 直播教師 | G3: R03 | H3: =IFERROR(VLOOKUP(G3,設定_場地表!$A$2:$B$13,2,0),"") -> 電腦教室 | I3: 協同教師 | J3: 範例列
H4: =IFERROR(VLOOKUP(G4,設定_場地表!$A$2:$B$13,2,0),"")
H5: =IFERROR(VLOOKUP(G5,設定_場地表!$A$2:$B$13,2,0),"")
H6: =IFERROR(VLOOKUP(G6,設定_場地表!$A$2:$B$13,2,0),"")
H7: =IFERROR(VLOOKUP(G7,設定_場地表!$A$2:$B$13,2,0),"")
H8: =IFERROR(VLOOKUP(G8,設定_場地表!$A$2:$B$13,2,0),"")
H9: =IFERROR(VLOOKUP(G9,設定_場地表!$A$2:$B$13,2,0),"")
H10: =IFERROR(VLOOKUP(G10,設定_場地表!$A$2:$B$13,2,0),"")
H11: =IFERROR(VLOOKUP(G11,設定_場地表!$A$2:$B$13,2,0),"")
H12: =IFERROR(VLOOKUP(G12,設定_場地表!$A$2:$B$13,2,0),"")
H13: =IFERROR(VLOOKUP(G13,設定_場地表!$A$2:$B$13,2,0),"")
H14: =IFERROR(VLOOKUP(G14,設定_場地表!$A$2:$B$13,2,0),"")
H15: =IFERROR(VLOOKUP(G15,設定_場地表!$A$2:$B$13,2,0),"")
... H39: =IFERROR(VLOOKUP(G39,設定_場地表!$A$2:$B$13,2,0),"")
B45: 引擎自動推導：場地封鎖與協同教師限制由本表自動產生。

Sheet 設定_排課規則清單
A1: rule_id | B1: 硬/軟 | C1: 類別 | D1: 規則內容 | E1: 參數/權重 | F1: 是否啟用
A2: H01 | B2: 硬 | C2: 衝堂 | D2: 同一教師同時段不得任教兩班 | E2: - | F2: 是
A3: H02 | B3: 硬 | C3: 衝堂 | D3: 同一班級同時段不得排兩科 | E3: - | F3: 是
A4: H03 | B4: 硬 | C4: 場地 | D4: 同時段使用同場地班級數不得超過場地容量（見設定_場地表） | E4: - | F4: 是
A5: H04 | B5: 硬 | C5: 時段 | D5: 午休不可排課 | E5: - | F5: 是
A6: H05 | B6: 硬 | C6: 時段 | D6: 各年段僅可排於「設定_年段時段」=1之時段（低23/中29/高32） | E6: - | F6: 是
A7: H06 | B7: 硬 | C7: 科目 | D7: 體育不排第4、5節 | E7: - | F7: 是
A8: H07 | B8: 硬 | C8: 教師 | D8: 教師個人禁排時段（見教師時段限制，含生教組長第7節） | E8: - | F8: 是
A9: H08 | B9: 硬 | C9: 科目 | D9: 自然科學每班2+1節、分兩天、連兩節不跨午休 | E9: - | F9: 是
A10: H09 | B10: 硬 | C10: 科目 | D10: 視覺藝術需連續兩節 | E10: - | F10: 是
A11: H10 | B11: 硬 | C11: 固定課 | D11: 固定課鎖定不可移動、不可額外增加節數、不可違反其他硬規則 | E11: - | F11: 是
A12: H11 | B12: 硬 | C12: 場地 | D12: 場地由科目自動帶出，僅允許「場地例外」分頁覆寫(room_override) | E12: - | F12: 是
... A27: H17 | B27: 硬 | C27: 時段限制 | D27: 自訂時段限制：對象可為教師／年級（學年共同時間）／班級；表留空即不啟用 | E27: - | F27: 是

Sheet 設定_教師角色
A1: 角色 | B1: 基本授課節數 | C1: 說明
A2: 導師 | B2: 16 | C2: 對應一個班級，主授國語、數學等導師科目
A3: 科任 | B3: 20 | C3: 跑班授課
A4: 組長 | B4: 9 | C4: 教師兼任行政組長
A5: 主任 | B5: 3 | C5: 教師兼任行政主任
A6: 鐘點教師 | B6: 0 | C6: 依實際聘任節數
A7: 其他 | B7: 0 | C7: 請於備註說明實際節數

Sheet 教師名冊
A1: 姓名 | B1: 角色 | C1: 基本節數 | D1: 任務減課節數 | E1: 應排課節數 | F1: 備註
A2: 王導師 | B2: 導師 | C2: =IF($B2="","",IFERROR(VLOOKUP($B2,設定_教師角色!$A$2:$B$7,2,0),0)) -> 16 | D2: 0 | E2: =IF($A2="","",IF($C2="","",$C2-$D2)) -> 16 | F2: 範例列：請替換為貴校教師
A3: 李科任 | B3: 科任 | C3: =IF($B3="","",IFERROR(VLOOKUP($B3,設定_教師角色!$A$2:$B$7,2,0),0)) -> 20 | D3: 0 | E3: =IF($A3="","",IF($C3="","",$C3-$D3)) -> 20 | F3: 範例列
A4: 張主任 | B4: 主任 | C4: =IF($B4="","",IFERROR(VLOOKUP($B4,設定_教師角色!$A$2:$B$7,2,0),0)) -> 3 | D4: 0 | E4: =IF($A4="","",IF($C4="","",$C4-$D4)) -> 3 | F4: 範例列
A5: 陳組長 | B5: 組長 | C5: =IF($B5="","",IFERROR(VLOOKUP($B5,設定_教師角色!$A$2:$B$7,2,0),0)) -> 9 | D5: 0 | E5: =IF($A5="","",IF($C5="","",$C5-$D5)) -> 9 | F5: 範例列
A6: 資源教師甲 | B6: 其他 | C6: =IF($B6="","",IFERROR(VLOOKUP($B6,設定_教師角色!$A$2:$B$7,2,0),0)) -> 0 | D6: 0 | E6: =IF($A6="","",IF($C6="","",$C6-$D6)) -> 0 | F6: 範例列：資源班教師
A7: 待聘(鐘點) | B7: 鐘點教師 | C7: =IF($B7="","",IFERROR(VLOOKUP($B7,設定_教師角色!$A$2:$B$7,2,0),0)) -> 0 | D7: 0 | E7: =IF($A7="","",IF($C7="","",$C7-$D7)) -> 0 | F7: 缺額請填「待聘(鐘點)」，自動彙總鐘點需求
C8: =IF($B8="","",IFERROR(VLOOKUP($B8,設定_教師角色!$A$2:$B$7,2,0),0)) | D8: 0 | E8: =IF($A8="","",IF($C8="","",$C8-$D8))
C9: =IF($B9="","",IFERROR(VLOOKUP($B9,設定_教師角色!$A$2:$B$7,2,0),0)) | D9: 0 | E9: =IF($A9="","",IF($C9="","",$C9-$D9))
C10: =IF($B10="","",IFERROR(VLOOKUP($B10,設定_教師角色!$A$2:$B$7,2,0),0)) | D10: 0 | E10: =IF($A10="","",IF($C10="","",$C10-$D10))
C11: =IF($B11="","",IFERROR(VLOOKUP($B11,設定_教師角色!$A$2:$B$7,2,0),0)) | D11: 0 | E11: =IF($A11="","",IF($C11="","",$C11-$D11))
C12: =IF($B12="","",IFERROR(VLOOKUP($B12,設定_教師角色!$A$2:$B$7,2,0),0)) | D12: 0 | E12: =IF($A12="","",IF($C12="","",$C12-$D12))
C13: =IF($B13="","",IFERROR(VLOOKUP($B13,設定_教師角色!$A$2:$B$7,2,0),0)) | D13: 0 | E13: =IF($A13="","",IF($C13="","",$C13-$D13))
C14: =IF($B14="","",IFERROR(VLOOKUP($B14,設定_教師角色!$A$2:$B$7,2,0),0)) | D14: 0 | E14: =IF($A14="","",IF($C14="","",$C14-$D14))
C15: =IF($B15="","",IFERROR(VLOOKUP($B15,設定_教師角色!$A$2:$B$7,2,0),0)) | D15: 0 | E15: =IF($A15="","",IF($C15="","",$C15-$D15))
C16: =IF($B16="","",IFERROR(VLOOKUP($B16,設定_教師角色!$A$2:$B$7,2,0),0)) | D16: 0 | E16: =IF($A16="","",IF($C16="","",$C16-$D16))
C17: =IF($B17="","",IFERROR(VLOOKUP($B17,設定_教師角色!$A$2:$B$7,2,0),0)) | D17: 0 | E17: =IF($A17="","",IF($C17="","",$C17-$D17))
C18: =IF($B18="","",IFERROR(VLOOKUP($B18,設定_教師角色!$A$2:$B$7,2,0),0)) | D18: 0 | E18: =IF($A18="","",IF($C18="","",$C18-$D18))
C19: =IF($B19="","",IFERROR(VLOOKUP($B19,設定_教師角色!$A$2:$B$7,2,0),0)) | D19: 0 | E19: =IF($A19="","",IF($C19="","",$C19-$D19))
... C61: =IF($B61="","",IFERROR(VLOOKUP($B61,設定_教師角色!$A$2:$B$7,2,0),0)) | D61: 0 | E61: =IF($A61="","",IF($C61="","",$C61-$D61))

Sheet 教師時段限制
A1: 對象(教師/年級/班級) | B1: 星期 | C1: 節次 | D1: 類型 | E1: 原因
A2: 陳組長 | B2: 每日 | C2: 7 | D2: 不可排 | E2: 範例：生教組長導護勤務
A3: 3年級 | B3: 四 | C3: 7 | D3: 不可排 | E3: 範例：學年共同時間(需在年段時段另開他節)
B17: 對象可填：教師姓名（該師不排）、年級如「3年級」（留學年共同時間）、班級如「3甲」。填年級時請同步確認「設定_年段時段」總節數仍足夠（需另開放他時段）。留空＝不啟用。

Sheet 班級基本資料
A1: 班級代碼 | B1: 年級 | C1: 導師姓名 | D1: 是否有資源班學生 | E1: 備註
A2: 1甲 | B2: 1 | C2: 王導師 | D2: 否 | E2: 範例列：請替換為貴校班級

Sheet 節數矩陣
A1: 班級代碼 | B1: 年級 | C1: 導師 | D1: 國語文 | E1: 本土語文 | F1: 英語文 | G1: 數學 | H1: 生活課程 | I1: 社會 | J1: 自然科學 | K1: 音樂 | L1: 視覺藝術 | M1: 綜合活動 | N1: 健康 | O1: 體育 | P1: 校訂A | Q1: 校訂B | R1: 校訂C | S1: 校訂D | T1: 校訂E | U1: 校訂F | V1: 合計 | W1: 目標 | X1: 檢核 | Y1: 系統用，勿手動修改
A2: =IF(班級基本資料!A2="","",班級基本資料!A2) -> 1甲 | B2: =IF(班級基本資料!A2="","",班級基本資料!B2) -> 1 | C2: =IF(班級基本資料!A2="","",班級基本資料!C2) -> 王導師 | D2: =IF($A2="",0,INDEX(設定_科目表!$F$2:$K$19,MATCH(D$1,設定_科目表!$B$2:$B$19,0),$B2)) -> 6 | E2: =IF($A2="",0,INDEX(設定_科目表!$F$2:$K$19,MATCH(E$1,設定_科目表!$B$2:$B$19,0),$B2)) -> 1 | F2: =IF($A2="",0,INDEX(設定_科目表!$F$2:$K$19,MATCH(F$1,設定_科目表!$B$2:$B$19,0),$B2)) -> 0 | G2: =IF($A2="",0,INDEX(設定_科目表!$F$2:$K$19,MATCH(G$1,設定_科目表!$B$2:$B$19,0),$B2)) -> 4 | H2: =IF($A2="",0,INDEX(設定_科目表!$F$2:$K$19,MATCH(H$1,設定_科目表!$B$2:$B$19,0),$B2)) -> 5 | I2: =IF($A2="",0,INDEX(設定_科目表!$F$2:$K$19,MATCH(I$1,設定_科目表!$B$2:$B$19,0),$B2)) -> 0 | J2: =IF($A2="",0,INDEX(設定_科目表!$F$2:$K$19,MATCH(J$1,設定_科目表!$B$2:$B$19,0),$B2)) -> 0 | K2: =IF($A2="",0,INDEX(設定_科目表!$F$2:$K$19,MATCH(K$1,設定_科目表!$B$2:$B$19,0),$B2)) -> 1 | ... U2: =IF($A2="",0,INDEX(設定_科目表!$F$2:$K$19,MATCH(U$1,設定_科目表!$B$2:$B$19,0),$B2)) -> 1 | V2: =SUM(D2:U2) -> 23 | W2: =IF($A2="","",VLOOKUP($B2,設定_年段時段!$A$2:$AL$7,38,0)) -> 23 | X2: =IF($A2="","",IF($V2=$W2,"✓","⚠不符")) -> ✓
A3: =IF(班級基本資料!A3="","",班級基本資料!A3) | B3: =IF(班級基本資料!A3="","",班級基本資料!B3) | C3: =IF(班級基本資料!A3="","",班級基本資料!C3) | D3: =IF($A3="",0,INDEX(設定_科目表!$F$2:$K$19,MATCH(D$1,設定_科目表!$B$2:$B$19,0),$B3)) -> 0 | E3: =IF($A3="",0,INDEX(設定_科目表!$F$2:$K$19,MATCH(E$1,設定_科目表!$B$2:$B$19,0),$B3)) -> 0 | F3: =IF($A3="",0,INDEX(設定_科目表!$F$2:$K$19,MATCH(F$1,設定_科目表!$B$2:$B$19,0),$B3)) -> 0 | G3: =IF($A3="",0,INDEX(設定_科目表!$F$2:$K$19,MATCH(G$1,設定_科目表!$B$2:$B$19,0),$B3)) -> 0 | H3: =IF($A3="",0,INDEX(設定_科目表!$F$2:$K$19,MATCH(H$1,設定_科目表!$B$2:$B$19,0),$B3)) -> 0 | I3: =IF($A3="",0,INDEX(設定_科目表!$F$2:$K$19,MATCH(I$1,設定_科目表!$B$2:$B$19,0),$B3)) -> 0 | J3: =IF($A3="",0,INDEX(設定_科目表!$F$2:$K$19,MATCH(J$1,設定_科目表!$B$2:$B$19,0),$B3)) -> 0 | K3: =IF($A3="",0,INDEX(設定_科目表!$F$2:$K$19,MATCH(K$1,設定_科目表!$B$2:$B$19,0),$B3)) -> 0 | ... U3: =IF($A3="",0,INDEX(設定_科目表!$F$2:$K$19,MATCH(U$1,設定_科目表!$B$2:$B$19,0),$B3)) -> 0 | V3: =SUM(D3:U3) -> 0 | W3: =IF($A3="","",VLOOKUP($B3,設定_年段時段!$A$2:$AL$7,38,0)) | X3: =IF($A3="","",IF($V3=$W3,"✓","⚠不符"))
A4: =IF(班級基本資料!A4="","",班級基本資料!A4) | B4: =IF(班級基本資料!A4="","",班級基本資料!B4) | C4: =IF(班級基本資料!A4="","",班級基本資料!C4) | D4: =IF($A4="",0,INDEX(設定_科目表!$F$2:$K$19,MATCH(D$1,設定_科目表!$B$2:$B$19,0),$B4)) -> 0 | E4: =IF($A4="",0,INDEX(設定_科目表!$F$2:$K$19,MATCH(E$1,設定_科目表!$B$2:$B$19,0),$B4)) -> 0 | F4: =IF($A4="",0,INDEX(設定_科目表!$F$2:$K$19,MATCH(F$1,設定_科目表!$B$2:$B$19,0),$B4)) -> 0 | G4: =IF($A4="",0,INDEX(設定_科目表!$F$2:$K$19,MATCH(G$1,設定_科目表!$B$2:$B$19,0),$B4)) -> 0 | H4: =IF($A4="",0,INDEX(設定_科目表!$F$2:$K$19,MATCH(H$1,設定_科目表!$B$2:$B$19,0),$B4)) -> 0 | I4: =IF($A4="",0,INDEX(設定_科目表!$F$2:$K$19,MATCH(I$1,設定_科目表!$B$2:$B$19,0),$B4)) -> 0 | J4: =IF($A4="",0,INDEX(設定_科目表!$F$2:$K$19,MATCH(J$1,設定_科目表!$B$2:$B$19,0),$B4)) -> 0 | K4: =IF($A4="",0,INDEX(設定_科目表!$F$2:$K$19,MATCH(K$1,設定_科目表!$B$2:$B$19,0),$B4)) -> 0 | ... U4: =IF($A4="",0,INDEX(設定_科目表!$F$2:$K$19,MATCH(U$1,設定_科目表!$B$2:$B$19,0),$B4)) -> 0 | V4: =SUM(D4:U4) -> 0 | W4: =IF($A4="","",VLOOKUP($B4,設定_年段時段!$A$2:$AL$7,38,0)) | X4: =IF($A4="","",IF($V4=$W4,"✓","⚠不符"))
A5: =IF(班級基本資料!A5="","",班級基本資料!A5) | B5: =IF(班級基本資料!A5="","",班級基本資料!B5) | C5: =IF(班級基本資料!A5="","",班級基本資料!C5) | D5: =IF($A5="",0,INDEX(設定_科目表!$F$2:$K$19,MATCH(D$1,設定_科目表!$B$2:$B$19,0),$B5)) -> 0 | E5: =IF($A5="",0,INDEX(設定_科目表!$F$2:$K$19,MATCH(E$1,設定_科目表!$B$2:$B$19,0),$B5)) -> 0 | F5: =IF($A5="",0,INDEX(設定_科目表!$F$2:$K$19,MATCH(F$1,設定_科目表!$B$2:$B$19,0),$B5)) -> 0 | G5: =IF($A5="",0,INDEX(設定_科目表!$F$2:$K$19,MATCH(G$1,設定_科目表!$B$2:$B$19,0),$B5)) -> 0 | H5: =IF($A5="",0,INDEX(設定_科目表!$F$2:$K$19,MATCH(H$1,設定_科目表!$B$2:$B$19,0),$B5)) -> 0 | I5: =IF($A5="",0,INDEX(設定_科目表!$F$2:$K$19,MATCH(I$1,設定_科目表!$B$2:$B$19,0),$B5)) -> 0 | J5: =IF($A5="",0,INDEX(設定_科目表!$F$2:$K$19,MATCH(J$1,設定_科目表!$B$2:$B$19,0),$B5)) -> 0 | K5: =IF($A5="",0,INDEX(設定_科目表!$F$2:$K$19,MATCH(K$1,設定_科目表!$B$2:$B$19,0),$B5)) -> 0 | ... U5: =IF($A5="",0,INDEX(設定_科目表!$F$2:$K$19,MATCH(U$1,設定_科目表!$B$2:$B$19,0),$B5)) -> 0 | V5: =SUM(D5:U5) -> 0 | W5: =IF($A5="","",VLOOKUP($B5,設定_年段時段!$A$2:$AL$7,38,0)) | X5: =IF($A5="","",IF($V5=$W5,"✓","⚠不符"))
A6: =IF(班級基本資料!A6="","",班級基本資料!A6) | B6: =IF(班級基本資料!A6="","",班級基本資料!B6) | C6: =IF(班級基本資料!A6="","",班級基本資料!C6) | D6: =IF($A6="",0,INDEX(設定_科目表!$F$2:$K$19,MATCH(D$1,設定_科目表!$B$2:$B$19,0),$B6)) -> 0 | E6: =IF($A6="",0,INDEX(設定_科目表!$F$2:$K$19,MATCH(E$1,設定_科目表!$B$2:$B$19,0),$B6)) -> 0 | F6: =IF($A6="",0,INDEX(設定_科目表!$F$2:$K$19,MATCH(F$1,設定_科目表!$B$2:$B$19,0),$B6)) -> 0 | G6: =IF($A6="",0,INDEX(設定_科目表!$F$2:$K$19,MATCH(G$1,設定_科目表!$B$2:$B$19,0),$B6)) -> 0 | H6: =IF($A6="",0,INDEX(設定_科目表!$F$2:$K$19,MATCH(H$1,設定_科目表!$B$2:$B$19,0),$B6)) -> 0 | I6: =IF($A6="",0,INDEX(設定_科目表!$F$2:$K$19,MATCH(I$1,設定_科目表!$B$2:$B$19,0),$B6)) -> 0 | J6: =IF($A6="",0,INDEX(設定_科目表!$F$2:$K$19,MATCH(J$1,設定_科目表!$B$2:$B$19,0),$B6)) -> 0 | K6: =IF($A6="",0,INDEX(設定_科目表!$F$2:$K$19,MATCH(K$1,設定_科目表!$B$2:$B$19,0),$B6)) -> 0 | ... U6: =IF($A6="",0,INDEX(設定_科目表!$F$2:$K$19,MATCH(U$1,設定_科目表!$B$2:$B$19,0),$B6)) -> 0 | V6: =SUM(D6:U6) -> 0 | W6: =IF($A6="","",VLOOKUP($B6,設定_年段時段!$A$2:$AL$7,38,0)) | X6: =IF($A6="","",IF($V6=$W6,"✓","⚠不符"))
A7: =IF(班級基本資料!A7="","",班級基本資料!A7) | B7: =IF(班級基本資料!A7="","",班級基本資料!B7) | C7: =IF(班級基本資料!A7="","",班級基本資料!C7) | D7: =IF($A7="",0,INDEX(設定_科目表!$F$2:$K$19,MATCH(D$1,設定_科目表!$B$2:$B$19,0),$B7)) -> 0 | E7: =IF($A7="",0,INDEX(設定_科目表!$F$2:$K$19,MATCH(E$1,設定_科目表!$B$2:$B$19,0),$B7)) -> 0 | F7: =IF($A7="",0,INDEX(設定_科目表!$F$2:$K$19,MATCH(F$1,設定_科目表!$B$2:$B$19,0),$B7)) -> 0 | G7: =IF($A7="",0,INDEX(設定_科目表!$F$2:$K$19,MATCH(G$1,設定_科目表!$B$2:$B$19,0),$B7)) -> 0 | H7: =IF($A7="",0,INDEX(設定_科目表!$F$2:$K$19,MATCH(H$1,設定_科目表!$B$2:$B$19,0),$B7)) -> 0 | I7: =IF($A7="",0,INDEX(設定_科目表!$F$2:$K$19,MATCH(I$1,設定_科目表!$B$2:$B$19,0),$B7)) -> 0 | J7: =IF($A7="",0,INDEX(設定_科目表!$F$2:$K$19,MATCH(J$1,設定_科目表!$B$2:$B$19,0),$B7)) -> 0 | K7: =IF($A7="",0,INDEX(設定_科目表!$F$2:$K$19,MATCH(K$1,設定_科目表!$B$2:$B$19,0),$B7)) -> 0 | ... U7: =IF($A7="",0,INDEX(設定_科目表!$F$2:$K$19,MATCH(U$1,設定_科目表!$B$2:$B$19,0),$B7)) -> 0 | V7: =SUM(D7:U7) -> 0 | W7: =IF($A7="","",VLOOKUP($B7,設定_年段時段!$A$2:$AL$7,38,0)) | X7: =IF($A7="","",IF($V7=$W7,"✓","⚠不符"))
A8: =IF(班級基本資料!A8="","",班級基本資料!A8) | B8: =IF(班級基本資料!A8="","",班級基本資料!B8) | C8: =IF(班級基本資料!A8="","",班級基本資料!C8) | D8: =IF($A8="",0,INDEX(設定_科目表!$F$2:$K$19,MATCH(D$1,設定_科目表!$B$2:$B$19,0),$B8)) -> 0 | E8: =IF($A8="",0,INDEX(設定_科目表!$F$2:$K$19,MATCH(E$1,設定_科目表!$B$2:$B$19,0),$B8)) -> 0 | F8: =IF($A8="",0,INDEX(設定_科目表!$F$2:$K$19,MATCH(F$1,設定_科目表!$B$2:$B$19,0),$B8)) -> 0 | G8: =IF($A8="",0,INDEX(設定_科目表!$F$2:$K$19,MATCH(G$1,設定_科目表!$B$2:$B$19,0),$B8)) -> 0 | H8: =IF($A8="",0,INDEX(設定_科目表!$F$2:$K$19,MATCH(H$1,設定_科目表!$B$2:$B$19,0),$B8)) -> 0 | I8: =IF($A8="",0,INDEX(設定_科目表!$F$2:$K$19,MATCH(I$1,設定_科目表!$B$2:$B$19,0),$B8)) -> 0 | J8: =IF($A8="",0,INDEX(設定_科目表!$F$2:$K$19,MATCH(J$1,設定_科目表!$B$2:$B$19,0),$B8)) -> 0 | K8: =IF($A8="",0,INDEX(設定_科目表!$F$2:$K$19,MATCH(K$1,設定_科目表!$B$2:$B$19,0),$B8)) -> 0 | ... U8: =IF($A8="",0,INDEX(設定_科目表!$F$2:$K$19,MATCH(U$1,設定_科目表!$B$2:$B$19,0),$B8)) -> 0 | V8: =SUM(D8:U8) -> 0 | W8: =IF($A8="","",VLOOKUP($B8,設定_年段時段!$A$2:$AL$7,38,0)) | X8: =IF($A8="","",IF($V8=$W8,"✓","⚠不符"))
A9: =IF(班級基本資料!A9="","",班級基本資料!A9) | B9: =IF(班級基本資料!A9="","",班級基本資料!B9) | C9: =IF(班級基本資料!A9="","",班級基本資料!C9) | D9: =IF($A9="",0,INDEX(設定_科目表!$F$2:$K$19,MATCH(D$1,設定_科目表!$B$2:$B$19,0),$B9)) -> 0 | E9: =IF($A9="",0,INDEX(設定_科目表!$F$2:$K$19,MATCH(E$1,設定_科目表!$B$2:$B$19,0),$B9)) -> 0 | F9: =IF($A9="",0,INDEX(設定_科目表!$F$2:$K$19,MATCH(F$1,設定_科目表!$B$2:$B$19,0),$B9)) -> 0 | G9: =IF($A9="",0,INDEX(設定_科目表!$F$2:$K$19,MATCH(G$1,設定_科目表!$B$2:$B$19,0),$B9)) -> 0 | H9: =IF($A9="",0,INDEX(設定_科目表!$F$2:$K$19,MATCH(H$1,設定_科目表!$B$2:$B$19,0),$B9)) -> 0 | I9: =IF($A9="",0,INDEX(設定_科目表!$F$2:$K$19,MATCH(I$1,設定_科目表!$B$2:$B$19,0),$B9)) -> 0 | J9: =IF($A9="",0,INDEX(設定_科目表!$F$2:$K$19,MATCH(J$1,設定_科目表!$B$2:$B$19,0),$B9)) -> 0 | K9: =IF($A9="",0,INDEX(設定_科目表!$F$2:$K$19,MATCH(K$1,設定_科目表!$B$2:$B$19,0),$B9)) -> 0 | ... U9: =IF($A9="",0,INDEX(設定_科目表!$F$2:$K$19,MATCH(U$1,設定_科目表!$B$2:$B$19,0),$B9)) -> 0 | V9: =SUM(D9:U9) -> 0 | W9: =IF($A9="","",VLOOKUP($B9,設定_年段時段!$A$2:$AL$7,38,0)) | X9: =IF($A9="","",IF($V9=$W9,"✓","⚠不符"))
A10: =IF(班級基本資料!A10="","",班級基本資料!A10) | B10: =IF(班級基本資料!A10="","",班級基本資料!B10) | C10: =IF(班級基本資料!A10="","",班級基本資料!C10) | D10: =IF($A10="",0,INDEX(設定_科目表!$F$2:$K$19,MATCH(D$1,設定_科目表!$B$2:$B$19,0),$B10)) -> 0 | E10: =IF($A10="",0,INDEX(設定_科目表!$F$2:$K$19,MATCH(E$1,設定_科目表!$B$2:$B$19,0),$B10)) -> 0 | F10: =IF($A10="",0,INDEX(設定_科目表!$F$2:$K$19,MATCH(F$1,設定_科目表!$B$2:$B$19,0),$B10)) -> 0 | G10: =IF($A10="",0,INDEX(設定_科目表!$F$2:$K$19,MATCH(G$1,設定_科目表!$B$2:$B$19,0),$B10)) -> 0 | H10: =IF($A10="",0,INDEX(設定_科目表!$F$2:$K$19,MATCH(H$1,設定_科目表!$B$2:$B$19,0),$B10)) -> 0 | I10: =IF($A10="",0,INDEX(設定_科目表!$F$2:$K$19,MATCH(I$1,設定_科目表!$B$2:$B$19,0),$B10)) -> 0 | J10: =IF($A10="",0,INDEX(設定_科目表!$F$2:$K$19,MATCH(J$1,設定_科目表!$B$2:$B$19,0),$B10)) -> 0 | K10: =IF($A10="",0,INDEX(設定_科目表!$F$2:$K$19,MATCH(K$1,設定_科目表!$B$2:$B$19,0),$B10)) -> 0 | ... U10: =IF($A10="",0,INDEX(設定_科目表!$F$2:$K$19,MATCH(U$1,設定_科目表!$B$2:$B$19,0),$B10)) -> 0 | V10: =SUM(D10:U10) -> 0 | W10: =IF($A10="","",VLOOKUP($B10,設定_年段時段!$A$2:$AL$7,38,0)) | X10: =IF($A10="","",IF($V10=$W10,"✓","⚠不符"))
A11: =IF(班級基本資料!A11="","",班級基本資料!A11) | B11: =IF(班級基本資料!A11="","",班級基本資料!B11) | C11: =IF(班級基本資料!A11="","",班級基本資料!C11) | D11: =IF($A11="",0,INDEX(設定_科目表!$F$2:$K$19,MATCH(D$1,設定_科目表!$B$2:$B$19,0),$B11)) -> 0 | E11: =IF($A11="",0,INDEX(設定_科目表!$F$2:$K$19,MATCH(E$1,設定_科目表!$B$2:$B$19,0),$B11)) -> 0 | F11: =IF($A11="",0,INDEX(設定_科目表!$F$2:$K$19,MATCH(F$1,設定_科目表!$B$2:$B$19,0),$B11)) -> 0 | G11: =IF($A11="",0,INDEX(設定_科目表!$F$2:$K$19,MATCH(G$1,設定_科目表!$B$2:$B$19,0),$B11)) -> 0 | H11: =IF($A11="",0,INDEX(設定_科目表!$F$2:$K$19,MATCH(H$1,設定_科目表!$B$2:$B$19,0),$B11)) -> 0 | I11: =IF($A11="",0,INDEX(設定_科目表!$F$2:$K$19,MATCH(I$1,設定_科目表!$B$2:$B$19,0),$B11)) -> 0 | J11: =IF($A11="",0,INDEX(設定_科目表!$F$2:$K$19,MATCH(J$1,設定_科目表!$B$2:$B$19,0),$B11)) -> 0 | K11: =IF($A11="",0,INDEX(設定_科目表!$F$2:$K$19,MATCH(K$1,設定_科目表!$B$2:$B$19,0),$B11)) -> 0 | ... U11: =IF($A11="",0,INDEX(設定_科目表!$F$2:$K$19,MATCH(U$1,設定_科目表!$B$2:$B$19,0),$B11)) -> 0 | V11: =SUM(D11:U11) -> 0 | W11: =IF($A11="","",VLOOKUP($B11,設定_年段時段!$A$2:$AL$7,38,0)) | X11: =IF($A11="","",IF($V11=$W11,"✓","⚠不符"))
A12: =IF(班級基本資料!A12="","",班級基本資料!A12) | B12: =IF(班級基本資料!A12="","",班級基本資料!B12) | C12: =IF(班級基本資料!A12="","",班級基本資料!C12) | D12: =IF($A12="",0,INDEX(設定_科目表!$F$2:$K$19,MATCH(D$1,設定_科目表!$B$2:$B$19,0),$B12)) -> 0 | E12: =IF($A12="",0,INDEX(設定_科目表!$F$2:$K$19,MATCH(E$1,設定_科目表!$B$2:$B$19,0),$B12)) -> 0 | F12: =IF($A12="",0,INDEX(設定_科目表!$F$2:$K$19,MATCH(F$1,設定_科目表!$B$2:$B$19,0),$B12)) -> 0 | G12: =IF($A12="",0,INDEX(設定_科目表!$F$2:$K$19,MATCH(G$1,設定_科目表!$B$2:$B$19,0),$B12)) -> 0 | H12: =IF($A12="",0,INDEX(設定_科目表!$F$2:$K$19,MATCH(H$1,設定_科目表!$B$2:$B$19,0),$B12)) -> 0 | I12: =IF($A12="",0,INDEX(設定_科目表!$F$2:$K$19,MATCH(I$1,設定_科目表!$B$2:$B$19,0),$B12)) -> 0 | J12: =IF($A12="",0,INDEX(設定_科目表!$F$2:$K$19,MATCH(J$1,設定_科目表!$B$2:$B$19,0),$B12)) -> 0 | K12: =IF($A12="",0,INDEX(設定_科目表!$F$2:$K$19,MATCH(K$1,設定_科目表!$B$2:$B$19,0),$B12)) -> 0 | ... U12: =IF($A12="",0,INDEX(設定_科目表!$F$2:$K$19,MATCH(U$1,設定_科目表!$B$2:$B$19,0),$B12)) -> 0 | V12: =SUM(D12:U12) -> 0 | W12: =IF($A12="","",VLOOKUP($B12,設定_年段時段!$A$2:$AL$7,38,0)) | X12: =IF($A12="","",IF($V12=$W12,"✓","⚠不符"))
A13: =IF(班級基本資料!A13="","",班級基本資料!A13) | B13: =IF(班級基本資料!A13="","",班級基本資料!B13) | C13: =IF(班級基本資料!A13="","",班級基本資料!C13) | D13: =IF($A13="",0,INDEX(設定_科目表!$F$2:$K$19,MATCH(D$1,設定_科目表!$B$2:$B$19,0),$B13)) -> 0 | E13: =IF($A13="",0,INDEX(設定_科目表!$F$2:$K$19,MATCH(E$1,設定_科目表!$B$2:$B$19,0),$B13)) -> 0 | F13: =IF($A13="",0,INDEX(設定_科目表!$F$2:$K$19,MATCH(F$1,設定_科目表!$B$2:$B$19,0),$B13)) -> 0 | G13: =IF($A13="",0,INDEX(設定_科目表!$F$2:$K$19,MATCH(G$1,設定_科目表!$B$2:$B$19,0),$B13)) -> 0 | H13: =IF($A13="",0,INDEX(設定_科目表!$F$2:$K$19,MATCH(H$1,設定_科目表!$B$2:$B$19,0),$B13)) -> 0 | I13: =IF($A13="",0,INDEX(設定_科目表!$F$2:$K$19,MATCH(I$1,設定_科目表!$B$2:$B$19,0),$B13)) -> 0 | J13: =IF($A13="",0,INDEX(設定_科目表!$F$2:$K$19,MATCH(J$1,設定_科目表!$B$2:$B$19,0),$B13)) -> 0 | K13: =IF($A13="",0,INDEX(設定_科目表!$F$2:$K$19,MATCH(K$1,設定_科目表!$B$2:$B$19,0),$B13)) -> 0 | ... U13: =IF($A13="",0,INDEX(設定_科目表!$F$2:$K$19,MATCH(U$1,設定_科目表!$B$2:$B$19,0),$B13)) -> 0 | V13: =SUM(D13:U13) -> 0 | W13: =IF($A13="","",VLOOKUP($B13,設定_年段時段!$A$2:$AL$7,38,0)) | X13: =IF($A13="","",IF($V13=$W13,"✓","⚠不符"))
... A41: =IF(班級基本資料!A41="","",班級基本資料!A41) | B41: =IF(班級基本資料!A41="","",班級基本資料!B41) | C41: =IF(班級基本資料!A41="","",班級基本資料!C41) | D41: =IF($A41="",0,INDEX(設定_科目表!$F$2:$K$19,MATCH(D$1,設定_科目表!$B$2:$B$19,0),$B41)) -> 0 | E41: =IF($A41="",0,INDEX(設定_科目表!$F$2:$K$19,MATCH(E$1,設定_科目表!$B$2:$B$19,0),$B41)) -> 0 | F41: =IF($A41="",0,INDEX(設定_科目表!$F$2:$K$19,MATCH(F$1,設定_科目表!$B$2:$B$19,0),$B41)) -> 0 | G41: =IF($A41="",0,INDEX(設定_科目表!$F$2:$K$19,MATCH(G$1,設定_科目表!$B$2:$B$19,0),$B41)) -> 0 | H41: =IF($A41="",0,INDEX(設定_科目表!$F$2:$K$19,MATCH(H$1,設定_科目表!$B$2:$B$19,0),$B41)) -> 0 | I41: =IF($A41="",0,INDEX(設定_科目表!$F$2:$K$19,MATCH(I$1,設定_科目表!$B$2:$B$19,0),$B41)) -> 0 | J41: =IF($A41="",0,INDEX(設定_科目表!$F$2:$K$19,MATCH(J$1,設定_科目表!$B$2:$B$19,0),$B41)) -> 0 | K41: =IF($A41="",0,INDEX(設定_科目表!$F$2:$K$19,MATCH(K$1,設定_科目表!$B$2:$B$19,0),$B41)) -> 0 | ... U41: =IF($A41="",0,INDEX(設定_科目表!$F$2:$K$19,MATCH(U$1,設定_科目表!$B$2:$B$19,0),$B41)) -> 0 | V41: =SUM(D41:U41) -> 0 | W41: =IF($A41="","",VLOOKUP($B41,設定_年段時段!$A$2:$AL$7,38,0)) | X41: =IF($A41="","",IF($V41=$W41,"✓","⚠不符"))

Sheet 配課表
A1: 班級代碼 | B1: 年級 | C1: 導師 | D1: 國語文 | E1: 本土語文 | F1: 英語文 | G1: 數學 | H1: 生活課程 | I1: 社會 | J1: 自然科學 | K1: 音樂 | L1: 視覺藝術 | M1: 綜合活動 | N1: 健康 | O1: 體育 | P1: 校訂A | Q1: 校訂B | R1: 校訂C | S1: 校訂D | T1: 校訂E | U1: 校訂F
A2: =IF(班級基本資料!A2="","",班級基本資料!A2) -> 1甲 | B2: =IF(班級基本資料!A2="","",班級基本資料!B2) -> 1 | C2: =IF(班級基本資料!A2="","",班級基本資料!C2) -> 王導師 | D2: =IF($A2="","",IF(節數矩陣!D2>0,$C2,"")) -> 王導師 | G2: =IF($A2="","",IF(節數矩陣!G2>0,$C2,"")) -> 王導師 | H2: =IF($A2="","",IF(節數矩陣!H2>0,$C2,"")) -> 王導師 | M2: =IF($A2="","",IF(節數矩陣!M2>0,$C2,"")) | P2: =IF($A2="","",IF(節數矩陣!P2>0,$C2,"")) -> 王導師 | S2: =IF($A2="","",IF(節數矩陣!S2>0,$C2,"")) | U2: =IF($A2="","",IF(節數矩陣!U2>0,$C2,"")) -> 王導師
A3: =IF(班級基本資料!A3="","",班級基本資料!A3) | B3: =IF(班級基本資料!A3="","",班級基本資料!B3) | C3: =IF(班級基本資料!A3="","",班級基本資料!C3) | D3: =IF($A3="","",IF(節數矩陣!D3>0,$C3,"")) | G3: =IF($A3="","",IF(節數矩陣!G3>0,$C3,"")) | H3: =IF($A3="","",IF(節數矩陣!H3>0,$C3,"")) | M3: =IF($A3="","",IF(節數矩陣!M3>0,$C3,"")) | P3: =IF($A3="","",IF(節數矩陣!P3>0,$C3,"")) | S3: =IF($A3="","",IF(節數矩陣!S3>0,$C3,"")) | U3: =IF($A3="","",IF(節數矩陣!U3>0,$C3,""))
A4: =IF(班級基本資料!A4="","",班級基本資料!A4) | B4: =IF(班級基本資料!A4="","",班級基本資料!B4) | C4: =IF(班級基本資料!A4="","",班級基本資料!C4) | D4: =IF($A4="","",IF(節數矩陣!D4>0,$C4,"")) | G4: =IF($A4="","",IF(節數矩陣!G4>0,$C4,"")) | H4: =IF($A4="","",IF(節數矩陣!H4>0,$C4,"")) | M4: =IF($A4="","",IF(節數矩陣!M4>0,$C4,"")) | P4: =IF($A4="","",IF(節數矩陣!P4>0,$C4,"")) | S4: =IF($A4="","",IF(節數矩陣!S4>0,$C4,"")) | U4: =IF($A4="","",IF(節數矩陣!U4>0,$C4,""))
A5: =IF(班級基本資料!A5="","",班級基本資料!A5) | B5: =IF(班級基本資料!A5="","",班級基本資料!B5) | C5: =IF(班級基本資料!A5="","",班級基本資料!C5) | D5: =IF($A5="","",IF(節數矩陣!D5>0,$C5,"")) | G5: =IF($A5="","",IF(節數矩陣!G5>0,$C5,"")) | H5: =IF($A5="","",IF(節數矩陣!H5>0,$C5,"")) | M5: =IF($A5="","",IF(節數矩陣!M5>0,$C5,"")) | P5: =IF($A5="","",IF(節數矩陣!P5>0,$C5,"")) | S5: =IF($A5="","",IF(節數矩陣!S5>0,$C5,"")) | U5: =IF($A5="","",IF(節數矩陣!U5>0,$C5,""))
A6: =IF(班級基本資料!A6="","",班級基本資料!A6) | B6: =IF(班級基本資料!A6="","",班級基本資料!B6) | C6: =IF(班級基本資料!A6="","",班級基本資料!C6) | D6: =IF($A6="","",IF(節數矩陣!D6>0,$C6,"")) | G6: =IF($A6="","",IF(節數矩陣!G6>0,$C6,"")) | H6: =IF($A6="","",IF(節數矩陣!H6>0,$C6,"")) | M6: =IF($A6="","",IF(節數矩陣!M6>0,$C6,"")) | P6: =IF($A6="","",IF(節數矩陣!P6>0,$C6,"")) | S6: =IF($A6="","",IF(節數矩陣!S6>0,$C6,"")) | U6: =IF($A6="","",IF(節數矩陣!U6>0,$C6,""))
A7: =IF(班級基本資料!A7="","",班級基本資料!A7) | B7: =IF(班級基本資料!A7="","",班級基本資料!B7) | C7: =IF(班級基本資料!A7="","",班級基本資料!C7) | D7: =IF($A7="","",IF(節數矩陣!D7>0,$C7,"")) | G7: =IF($A7="","",IF(節數矩陣!G7>0,$C7,"")) | H7: =IF($A7="","",IF(節數矩陣!H7>0,$C7,"")) | M7: =IF($A7="","",IF(節數矩陣!M7>0,$C7,"")) | P7: =IF($A7="","",IF(節數矩陣!P7>0,$C7,"")) | S7: =IF($A7="","",IF(節數矩陣!S7>0,$C7,"")) | U7: =IF($A7="","",IF(節數矩陣!U7>0,$C7,""))
A8: =IF(班級基本資料!A8="","",班級基本資料!A8) | B8: =IF(班級基本資料!A8="","",班級基本資料!B8) | C8: =IF(班級基本資料!A8="","",班級基本資料!C8) | D8: =IF($A8="","",IF(節數矩陣!D8>0,$C8,"")) | G8: =IF($A8="","",IF(節數矩陣!G8>0,$C8,"")) | H8: =IF($A8="","",IF(節數矩陣!H8>0,$C8,"")) | M8: =IF($A8="","",IF(節數矩陣!M8>0,$C8,"")) | P8: =IF($A8="","",IF(節數矩陣!P8>0,$C8,"")) | S8: =IF($A8="","",IF(節數矩陣!S8>0,$C8,"")) | U8: =IF($A8="","",IF(節數矩陣!U8>0,$C8,""))
A9: =IF(班級基本資料!A9="","",班級基本資料!A9) | B9: =IF(班級基本資料!A9="","",班級基本資料!B9) | C9: =IF(班級基本資料!A9="","",班級基本資料!C9) | D9: =IF($A9="","",IF(節數矩陣!D9>0,$C9,"")) | G9: =IF($A9="","",IF(節數矩陣!G9>0,$C9,"")) | H9: =IF($A9="","",IF(節數矩陣!H9>0,$C9,"")) | M9: =IF($A9="","",IF(節數矩陣!M9>0,$C9,"")) | P9: =IF($A9="","",IF(節數矩陣!P9>0,$C9,"")) | S9: =IF($A9="","",IF(節數矩陣!S9>0,$C9,"")) | U9: =IF($A9="","",IF(節數矩陣!U9>0,$C9,""))
A10: =IF(班級基本資料!A10="","",班級基本資料!A10) | B10: =IF(班級基本資料!A10="","",班級基本資料!B10) | C10: =IF(班級基本資料!A10="","",班級基本資料!C10) | D10: =IF($A10="","",IF(節數矩陣!D10>0,$C10,"")) | G10: =IF($A10="","",IF(節數矩陣!G10>0,$C10,"")) | H10: =IF($A10="","",IF(節數矩陣!H10>0,$C10,"")) | M10: =IF($A10="","",IF(節數矩陣!M10>0,$C10,"")) | P10: =IF($A10="","",IF(節數矩陣!P10>0,$C10,"")) | S10: =IF($A10="","",IF(節數矩陣!S10>0,$C10,"")) | U10: =IF($A10="","",IF(節數矩陣!U10>0,$C10,""))
A11: =IF(班級基本資料!A11="","",班級基本資料!A11) | B11: =IF(班級基本資料!A11="","",班級基本資料!B11) | C11: =IF(班級基本資料!A11="","",班級基本資料!C11) | D11: =IF($A11="","",IF(節數矩陣!D11>0,$C11,"")) | G11: =IF($A11="","",IF(節數矩陣!G11>0,$C11,"")) | H11: =IF($A11="","",IF(節數矩陣!H11>0,$C11,"")) | M11: =IF($A11="","",IF(節數矩陣!M11>0,$C11,"")) | P11: =IF($A11="","",IF(節數矩陣!P11>0,$C11,"")) | S11: =IF($A11="","",IF(節數矩陣!S11>0,$C11,"")) | U11: =IF($A11="","",IF(節數矩陣!U11>0,$C11,""))
A12: =IF(班級基本資料!A12="","",班級基本資料!A12) | B12: =IF(班級基本資料!A12="","",班級基本資料!B12) | C12: =IF(班級基本資料!A12="","",班級基本資料!C12) | D12: =IF($A12="","",IF(節數矩陣!D12>0,$C12,"")) | G12: =IF($A12="","",IF(節數矩陣!G12>0,$C12,"")) | H12: =IF($A12="","",IF(節數矩陣!H12>0,$C12,"")) | M12: =IF($A12="","",IF(節數矩陣!M12>0,$C12,"")) | P12: =IF($A12="","",IF(節數矩陣!P12>0,$C12,"")) | S12: =IF($A12="","",IF(節數矩陣!S12>0,$C12,"")) | U12: =IF($A12="","",IF(節數矩陣!U12>0,$C12,""))
A13: =IF(班級基本資料!A13="","",班級基本資料!A13) | B13: =IF(班級基本資料!A13="","",班級基本資料!B13) | C13: =IF(班級基本資料!A13="","",班級基本資料!C13) | D13: =IF($A13="","",IF(節數矩陣!D13>0,$C13,"")) | G13: =IF($A13="","",IF(節數矩陣!G13>0,$C13,"")) | H13: =IF($A13="","",IF(節數矩陣!H13>0,$C13,"")) | M13: =IF($A13="","",IF(節數矩陣!M13>0,$C13,"")) | P13: =IF($A13="","",IF(節數矩陣!P13>0,$C13,"")) | S13: =IF($A13="","",IF(節數矩陣!S13>0,$C13,"")) | U13: =IF($A13="","",IF(節數矩陣!U13>0,$C13,""))
... A41: =IF(班級基本資料!A41="","",班級基本資料!A41) | B41: =IF(班級基本資料!A41="","",班級基本資料!B41) | C41: =IF(班級基本資料!A41="","",班級基本資料!C41) | D41: =IF($A41="","",IF(節數矩陣!D41>0,$C41,"")) | G41: =IF($A41="","",IF(節數矩陣!G41>0,$C41,"")) | H41: =IF($A41="","",IF(節數矩陣!H41>0,$C41,"")) | M41: =IF($A41="","",IF(節數矩陣!M41>0,$C41,"")) | P41: =IF($A41="","",IF(節數矩陣!P41>0,$C41,"")) | S41: =IF($A41="","",IF(節數矩陣!S41>0,$C41,"")) | U41: =IF($A41="","",IF(節數矩陣!U41>0,$C41,""))

Sheet 場地封鎖
A1: room_id | B1: 場地名稱 | C1: 星期 | D1: 節次 | E1: 原因
A2: R03 | B2: =IFERROR(VLOOKUP(A2,設定_場地表!$A$2:$B$13,2,0),"") -> 電腦教室 | C2: 二 | D2: 1 | E2: 範例：本土語直播佔用電腦教室
B3: =IFERROR(VLOOKUP(A3,設定_場地表!$A$2:$B$13,2,0),"")
B4: =IFERROR(VLOOKUP(A4,設定_場地表!$A$2:$B$13,2,0),"")
B5: =IFERROR(VLOOKUP(A5,設定_場地表!$A$2:$B$13,2,0),"")
B6: =IFERROR(VLOOKUP(A6,設定_場地表!$A$2:$B$13,2,0),"")
B7: =IFERROR(VLOOKUP(A7,設定_場地表!$A$2:$B$13,2,0),"")
B8: =IFERROR(VLOOKUP(A8,設定_場地表!$A$2:$B$13,2,0),"")
B9: =IFERROR(VLOOKUP(A9,設定_場地表!$A$2:$B$13,2,0),"")
B10: =IFERROR(VLOOKUP(A10,設定_場地表!$A$2:$B$13,2,0),"")
B11: =IFERROR(VLOOKUP(A11,設定_場地表!$A$2:$B$13,2,0),"")
B12: =IFERROR(VLOOKUP(A12,設定_場地表!$A$2:$B$13,2,0),"")
B13: =IFERROR(VLOOKUP(A13,設定_場地表!$A$2:$B$13,2,0),"")
B14: =IFERROR(VLOOKUP(A14,設定_場地表!$A$2:$B$13,2,0),"")
... B22: =IFERROR(VLOOKUP(A22,設定_場地表!$A$2:$B$13,2,0),"")
B24: 本表僅填「本土語以外」的封鎖需求（如場地維修）；本土語相關封鎖由引擎自「本土語分組」自動推導，重複填寫無妨（取聯集）。

Sheet 場地例外(room_override)
A1: 班級代碼 | B1: 操作科目 | C1: room_override | D1: 場地名稱 | E1: 原因
A2: 1甲 | B2: 自然科學 | C2: R00 | D2: =IFERROR(VLOOKUP(C2,設定_場地表!$A$2:$B$13,2,0),"") -> 普通教室(原班) | E2: 範例：自然改於原班上課
D3: =IFERROR(VLOOKUP(C3,設定_場地表!$A$2:$B$13,2,0),"")
D4: =IFERROR(VLOOKUP(C4,設定_場地表!$A$2:$B$13,2,0),"")
D5: =IFERROR(VLOOKUP(C5,設定_場地表!$A$2:$B$13,2,0),"")
D6: =IFERROR(VLOOKUP(C6,設定_場地表!$A$2:$B$13,2,0),"")
D7: =IFERROR(VLOOKUP(C7,設定_場地表!$A$2:$B$13,2,0),"")
D8: =IFERROR(VLOOKUP(C8,設定_場地表!$A$2:$B$13,2,0),"")
D9: =IFERROR(VLOOKUP(C9,設定_場地表!$A$2:$B$13,2,0),"")
D10: =IFERROR(VLOOKUP(C10,設定_場地表!$A$2:$B$13,2,0),"")
D11: =IFERROR(VLOOKUP(C11,設定_場地表!$A$2:$B$13,2,0),"")
D12: =IFERROR(VLOOKUP(C12,設定_場地表!$A$2:$B$13,2,0),"")
D13: =IFERROR(VLOOKUP(C13,設定_場地表!$A$2:$B$13,2,0),"")
D14: =IFERROR(VLOOKUP(C14,設定_場地表!$A$2:$B$13,2,0),"")
... D21: =IFERROR(VLOOKUP(C21,設定_場地表!$A$2:$B$13,2,0),"")

Sheet 固定課鎖定
A1: 班級代碼 | B1: 星期 | C1: 節次 | D1: 操作科目 | E1: 教師 | F1: 場地(自動帶出) | G1: 類型 | H1: 原因 | I1: 類型說明：鎖定=硬規則不可移動（硬規格9）；偏好=軟規則，用於保留去年課表（軟規格6）
A2: 1甲 | B2: 二 | C2: 1 | D2: 本土語文 | F2: =IFERROR(VLOOKUP(D2,設定_科目表!$B$2:$M$19,12,0),"") -> R00 | G2: 鎖定 | H2: 範例：本土語直播共學固定時段
F3: =IFERROR(VLOOKUP(D3,設定_科目表!$B$2:$M$19,12,0),"")
F4: =IFERROR(VLOOKUP(D4,設定_科目表!$B$2:$M$19,12,0),"")
F5: =IFERROR(VLOOKUP(D5,設定_科目表!$B$2:$M$19,12,0),"")
F6: =IFERROR(VLOOKUP(D6,設定_科目表!$B$2:$M$19,12,0),"")
F7: =IFERROR(VLOOKUP(D7,設定_科目表!$B$2:$M$19,12,0),"")
F8: =IFERROR(VLOOKUP(D8,設定_科目表!$B$2:$M$19,12,0),"")
F9: =IFERROR(VLOOKUP(D9,設定_科目表!$B$2:$M$19,12,0),"")
F10: =IFERROR(VLOOKUP(D10,設定_科目表!$B$2:$M$19,12,0),"")
F11: =IFERROR(VLOOKUP(D11,設定_科目表!$B$2:$M$19,12,0),"")
F12: =IFERROR(VLOOKUP(D12,設定_科目表!$B$2:$M$19,12,0),"")
F13: =IFERROR(VLOOKUP(D13,設定_科目表!$B$2:$M$19,12,0),"")
F14: =IFERROR(VLOOKUP(D14,設定_科目表!$B$2:$M$19,12,0),"")
... F61: =IFERROR(VLOOKUP(D61,設定_科目表!$B$2:$M$19,12,0),"")

Sheet 教師節數核對
A1: 姓名 | B1: 角色 | C1: 應排課節數 | D1: 已配節數合計 | E1: 差異 | F1: 狀態
A2: =IF(教師名冊!A2="","",教師名冊!A2) -> 王導師 | B2: =IF(教師名冊!A2="","",教師名冊!B2) -> 導師 | C2: =IF(教師名冊!A2="","",教師名冊!E2) -> 16 | D2: =IF($A2="","",SUMPRODUCT((配課表!$D$2:$U$41=$A2)*節數矩陣!$D$2:$U$41)) -> 17 | E2: =IF($A2="","",IF($C2="","",$C2-$D2)) -> -1 | F2: =IF($A2="","",IF($C2="","角色未填",IF($E2=0,"✓",IF($E2>0,"⚠尚缺"&$E2&"節","⚠超授"&ABS($E2)&"節")))) -> ⚠超授1節
A3: =IF(教師名冊!A3="","",教師名冊!A3) -> 李科任 | B3: =IF(教師名冊!A3="","",教師名冊!B3) -> 科任 | C3: =IF(教師名冊!A3="","",教師名冊!E3) -> 20 | D3: =IF($A3="","",SUMPRODUCT((配課表!$D$2:$U$41=$A3)*節數矩陣!$D$2:$U$41)) -> 0 | E3: =IF($A3="","",IF($C3="","",$C3-$D3)) -> 20 | F3: =IF($A3="","",IF($C3="","角色未填",IF($E3=0,"✓",IF($E3>0,"⚠尚缺"&$E3&"節","⚠超授"&ABS($E3)&"節")))) -> ⚠尚缺20節
A4: =IF(教師名冊!A4="","",教師名冊!A4) -> 張主任 | B4: =IF(教師名冊!A4="","",教師名冊!B4) -> 主任 | C4: =IF(教師名冊!A4="","",教師名冊!E4) -> 3 | D4: =IF($A4="","",SUMPRODUCT((配課表!$D$2:$U$41=$A4)*節數矩陣!$D$2:$U$41)) -> 0 | E4: =IF($A4="","",IF($C4="","",$C4-$D4)) -> 3 | F4: =IF($A4="","",IF($C4="","角色未填",IF($E4=0,"✓",IF($E4>0,"⚠尚缺"&$E4&"節","⚠超授"&ABS($E4)&"節")))) -> ⚠尚缺3節
A5: =IF(教師名冊!A5="","",教師名冊!A5) -> 陳組長 | B5: =IF(教師名冊!A5="","",教師名冊!B5) -> 組長 | C5: =IF(教師名冊!A5="","",教師名冊!E5) -> 9 | D5: =IF($A5="","",SUMPRODUCT((配課表!$D$2:$U$41=$A5)*節數矩陣!$D$2:$U$41)) -> 0 | E5: =IF($A5="","",IF($C5="","",$C5-$D5)) -> 9 | F5: =IF($A5="","",IF($C5="","角色未填",IF($E5=0,"✓",IF($E5>0,"⚠尚缺"&$E5&"節","⚠超授"&ABS($E5)&"節")))) -> ⚠尚缺9節
A6: =IF(教師名冊!A6="","",教師名冊!A6) -> 資源教師甲 | B6: =IF(教師名冊!A6="","",教師名冊!B6) -> 其他 | C6: =IF(教師名冊!A6="","",教師名冊!E6) -> 0 | D6: =IF($A6="","",SUMPRODUCT((配課表!$D$2:$U$41=$A6)*節數矩陣!$D$2:$U$41)) -> 0 | E6: =IF($A6="","",IF($C6="","",$C6-$D6)) -> 0 | F6: =IF($A6="","",IF($C6="","角色未填",IF($E6=0,"✓",IF($E6>0,"⚠尚缺"&$E6&"節","⚠超授"&ABS($E6)&"節")))) -> ✓
A7: =IF(教師名冊!A7="","",教師名冊!A7) -> 待聘(鐘點) | B7: =IF(教師名冊!A7="","",教師名冊!B7) -> 鐘點教師 | C7: =IF(教師名冊!A7="","",教師名冊!E7) -> 0 | D7: =IF($A7="","",SUMPRODUCT((配課表!$D$2:$U$41=$A7)*節數矩陣!$D$2:$U$41)) -> 0 | E7: =IF($A7="","",IF($C7="","",$C7-$D7)) -> 0 | F7: =IF($A7="","",IF($C7="","角色未填",IF($E7=0,"✓",IF($E7>0,"⚠尚缺"&$E7&"節","⚠超授"&ABS($E7)&"節")))) -> ✓
A8: =IF(教師名冊!A8="","",教師名冊!A8) | B8: =IF(教師名冊!A8="","",教師名冊!B8) | C8: =IF(教師名冊!A8="","",教師名冊!E8) | D8: =IF($A8="","",SUMPRODUCT((配課表!$D$2:$U$41=$A8)*節數矩陣!$D$2:$U$41)) | E8: =IF($A8="","",IF($C8="","",$C8-$D8)) | F8: =IF($A8="","",IF($C8="","角色未填",IF($E8=0,"✓",IF($E8>0,"⚠尚缺"&$E8&"節","⚠超授"&ABS($E8)&"節"))))
A9: =IF(教師名冊!A9="","",教師名冊!A9) | B9: =IF(教師名冊!A9="","",教師名冊!B9) | C9: =IF(教師名冊!A9="","",教師名冊!E9) | D9: =IF($A9="","",SUMPRODUCT((配課表!$D$2:$U$41=$A9)*節數矩陣!$D$2:$U$41)) | E9: =IF($A9="","",IF($C9="","",$C9-$D9)) | F9: =IF($A9="","",IF($C9="","角色未填",IF($E9=0,"✓",IF($E9>0,"⚠尚缺"&$E9&"節","⚠超授"&ABS($E9)&"節"))))
A10: =IF(教師名冊!A10="","",教師名冊!A10) | B10: =IF(教師名冊!A10="","",教師名冊!B10) | C10: =IF(教師名冊!A10="","",教師名冊!E10) | D10: =IF($A10="","",SUMPRODUCT((配課表!$D$2:$U$41=$A10)*節數矩陣!$D$2:$U$41)) | E10: =IF($A10="","",IF($C10="","",$C10-$D10)) | F10: =IF($A10="","",IF($C10="","角色未填",IF($E10=0,"✓",IF($E10>0,"⚠尚缺"&$E10&"節","⚠超授"&ABS($E10)&"節"))))
A11: =IF(教師名冊!A11="","",教師名冊!A11) | B11: =IF(教師名冊!A11="","",教師名冊!B11) | C11: =IF(教師名冊!A11="","",教師名冊!E11) | D11: =IF($A11="","",SUMPRODUCT((配課表!$D$2:$U$41=$A11)*節數矩陣!$D$2:$U$41)) | E11: =IF($A11="","",IF($C11="","",$C11-$D11)) | F11: =IF($A11="","",IF($C11="","角色未填",IF($E11=0,"✓",IF($E11>0,"⚠尚缺"&$E11&"節","⚠超授"&ABS($E11)&"節"))))
A12: =IF(教師名冊!A12="","",教師名冊!A12) | B12: =IF(教師名冊!A12="","",教師名冊!B12) | C12: =IF(教師名冊!A12="","",教師名冊!E12) | D12: =IF($A12="","",SUMPRODUCT((配課表!$D$2:$U$41=$A12)*節數矩陣!$D$2:$U$41)) | E12: =IF($A12="","",IF($C12="","",$C12-$D12)) | F12: =IF($A12="","",IF($C12="","角色未填",IF($E12=0,"✓",IF($E12>0,"⚠尚缺"&$E12&"節","⚠超授"&ABS($E12)&"節"))))
A13: =IF(教師名冊!A13="","",教師名冊!A13) | B13: =IF(教師名冊!A13="","",教師名冊!B13) | C13: =IF(教師名冊!A13="","",教師名冊!E13) | D13: =IF($A13="","",SUMPRODUCT((配課表!$D$2:$U$41=$A13)*節數矩陣!$D$2:$U$41)) | E13: =IF($A13="","",IF($C13="","",$C13-$D13)) | F13: =IF($A13="","",IF($C13="","角色未填",IF($E13=0,"✓",IF($E13>0,"⚠尚缺"&$E13&"節","⚠超授"&ABS($E13)&"節"))))
... A61: =IF(教師名冊!A61="","",教師名冊!A61) | B61: =IF(教師名冊!A61="","",教師名冊!B61) | C61: =IF(教師名冊!A61="","",教師名冊!E61) | D61: =IF($A61="","",SUMPRODUCT((配課表!$D$2:$U$41=$A61)*節數矩陣!$D$2:$U$41)) | E61: =IF($A61="","",IF($C61="","",$C61-$D61)) | F61: =IF($A61="","",IF($C61="","角色未填",IF($E61=0,"✓",IF($E61>0,"⚠尚缺"&$E61&"節","⚠超授"&ABS($E61)&"節"))))

Sheet 鐘點需求彙總
A1: 操作科目 | B1: 鐘點需求節數(配課填「待聘(鐘點)」)
A2: 國語文 | B2: =SUMPRODUCT((配課表!D$2:D$41="待聘(鐘點)")*節數矩陣!D$2:D$41) -> 0
A3: 本土語文 | B3: =SUMPRODUCT((配課表!E$2:E$41="待聘(鐘點)")*節數矩陣!E$2:E$41) -> 0
A4: 英語文 | B4: =SUMPRODUCT((配課表!F$2:F$41="待聘(鐘點)")*節數矩陣!F$2:F$41) -> 0
A5: 數學 | B5: =SUMPRODUCT((配課表!G$2:G$41="待聘(鐘點)")*節數矩陣!G$2:G$41) -> 0
A6: 生活課程 | B6: =SUMPRODUCT((配課表!H$2:H$41="待聘(鐘點)")*節數矩陣!H$2:H$41) -> 0
A7: 社會 | B7: =SUMPRODUCT((配課表!I$2:I$41="待聘(鐘點)")*節數矩陣!I$2:I$41) -> 0
A8: 自然科學 | B8: =SUMPRODUCT((配課表!J$2:J$41="待聘(鐘點)")*節數矩陣!J$2:J$41) -> 0
A9: 音樂 | B9: =SUMPRODUCT((配課表!K$2:K$41="待聘(鐘點)")*節數矩陣!K$2:K$41) -> 0
A10: 視覺藝術 | B10: =SUMPRODUCT((配課表!L$2:L$41="待聘(鐘點)")*節數矩陣!L$2:L$41) -> 0
A11: 綜合活動 | B11: =SUMPRODUCT((配課表!M$2:M$41="待聘(鐘點)")*節數矩陣!M$2:M$41) -> 0
A12: 健康 | B12: =SUMPRODUCT((配課表!N$2:N$41="待聘(鐘點)")*節數矩陣!N$2:N$41) -> 0
A13: 體育 | B13: =SUMPRODUCT((配課表!O$2:O$41="待聘(鐘點)")*節數矩陣!O$2:O$41) -> 0
A14: 校訂A | B14: =SUMPRODUCT((配課表!P$2:P$41="待聘(鐘點)")*節數矩陣!P$2:P$41) -> 0
A15: 校訂B | B15: =SUMPRODUCT((配課表!Q$2:Q$41="待聘(鐘點)")*節數矩陣!Q$2:Q$41) -> 0
A16: 校訂C | B16: =SUMPRODUCT((配課表!R$2:R$41="待聘(鐘點)")*節數矩陣!R$2:R$41) -> 0
A17: 校訂D | B17: =SUMPRODUCT((配課表!S$2:S$41="待聘(鐘點)")*節數矩陣!S$2:S$41) -> 0
A18: 校訂E | B18: =SUMPRODUCT((配課表!T$2:T$41="待聘(鐘點)")*節數矩陣!T$2:T$41) -> 0
A19: 校訂F | B19: =SUMPRODUCT((配課表!U$2:U$41="待聘(鐘點)")*節數矩陣!U$2:U$41) -> 0
A20: 合計 | B20: =SUM(B2:B19) -> 0

Sheet 未配課警示
A1: 班級代碼 | B1: 年級 | C1: 導師 | D1: 國語文 | E1: 本土語文 | F1: 英語文 | G1: 數學 | H1: 生活課程 | I1: 社會 | J1: 自然科學 | K1: 音樂 | L1: 視覺藝術 | M1: 綜合活動 | N1: 健康 | O1: 體育 | P1: 校訂A | Q1: 校訂B | R1: 校訂C | S1: 校訂D | T1: 校訂E | U1: 校訂F | V1: 未配節數 | Y1: 硬規格12：未配教師課程不硬排
A2: =IF(班級基本資料!A2="","",班級基本資料!A2) -> 1甲 | B2: =IF(班級基本資料!A2="","",班級基本資料!B2) -> 1 | C2: =IF(班級基本資料!A2="","",班級基本資料!C2) -> 王導師 | D2: =IF($A2="","",IF(AND(節數矩陣!D2>0,配課表!D2=""),"⚠","")) | E2: =IF($A2="","",IF(AND(節數矩陣!E2>0,配課表!E2=""),"⚠","")) -> ⚠ | F2: =IF($A2="","",IF(AND(節數矩陣!F2>0,配課表!F2=""),"⚠","")) | G2: =IF($A2="","",IF(AND(節數矩陣!G2>0,配課表!G2=""),"⚠","")) | H2: =IF($A2="","",IF(AND(節數矩陣!H2>0,配課表!H2=""),"⚠","")) | I2: =IF($A2="","",IF(AND(節數矩陣!I2>0,配課表!I2=""),"⚠","")) | J2: =IF($A2="","",IF(AND(節數矩陣!J2>0,配課表!J2=""),"⚠","")) | K2: =IF($A2="","",IF(AND(節數矩陣!K2>0,配課表!K2=""),"⚠","")) -> ⚠ | ... U2: =IF($A2="","",IF(AND(節數矩陣!U2>0,配課表!U2=""),"⚠","")) | V2: =IF($A2="",0,SUMPRODUCT((節數矩陣!$D2:$U2>0)*(配課表!$D2:$U2="")*節數矩陣!$D2:$U2)) -> 6
A3: =IF(班級基本資料!A3="","",班級基本資料!A3) | B3: =IF(班級基本資料!A3="","",班級基本資料!B3) | C3: =IF(班級基本資料!A3="","",班級基本資料!C3) | D3: =IF($A3="","",IF(AND(節數矩陣!D3>0,配課表!D3=""),"⚠","")) | E3: =IF($A3="","",IF(AND(節數矩陣!E3>0,配課表!E3=""),"⚠","")) | F3: =IF($A3="","",IF(AND(節數矩陣!F3>0,配課表!F3=""),"⚠","")) | G3: =IF($A3="","",IF(AND(節數矩陣!G3>0,配課表!G3=""),"⚠","")) | H3: =IF($A3="","",IF(AND(節數矩陣!H3>0,配課表!H3=""),"⚠","")) | I3: =IF($A3="","",IF(AND(節數矩陣!I3>0,配課表!I3=""),"⚠","")) | J3: =IF($A3="","",IF(AND(節數矩陣!J3>0,配課表!J3=""),"⚠","")) | K3: =IF($A3="","",IF(AND(節數矩陣!K3>0,配課表!K3=""),"⚠","")) | ... U3: =IF($A3="","",IF(AND(節數矩陣!U3>0,配課表!U3=""),"⚠","")) | V3: =IF($A3="",0,SUMPRODUCT((節數矩陣!$D3:$U3>0)*(配課表!$D3:$U3="")*節數矩陣!$D3:$U3)) -> 0
A4: =IF(班級基本資料!A4="","",班級基本資料!A4) | B4: =IF(班級基本資料!A4="","",班級基本資料!B4) | C4: =IF(班級基本資料!A4="","",班級基本資料!C4) | D4: =IF($A4="","",IF(AND(節數矩陣!D4>0,配課表!D4=""),"⚠","")) | E4: =IF($A4="","",IF(AND(節數矩陣!E4>0,配課表!E4=""),"⚠","")) | F4: =IF($A4="","",IF(AND(節數矩陣!F4>0,配課表!F4=""),"⚠","")) | G4: =IF($A4="","",IF(AND(節數矩陣!G4>0,配課表!G4=""),"⚠","")) | H4: =IF($A4="","",IF(AND(節數矩陣!H4>0,配課表!H4=""),"⚠","")) | I4: =IF($A4="","",IF(AND(節數矩陣!I4>0,配課表!I4=""),"⚠","")) | J4: =IF($A4="","",IF(AND(節數矩陣!J4>0,配課表!J4=""),"⚠","")) | K4: =IF($A4="","",IF(AND(節數矩陣!K4>0,配課表!K4=""),"⚠","")) | ... U4: =IF($A4="","",IF(AND(節數矩陣!U4>0,配課表!U4=""),"⚠","")) | V4: =IF($A4="",0,SUMPRODUCT((節數矩陣!$D4:$U4>0)*(配課表!$D4:$U4="")*節數矩陣!$D4:$U4)) -> 0
A5: =IF(班級基本資料!A5="","",班級基本資料!A5) | B5: =IF(班級基本資料!A5="","",班級基本資料!B5) | C5: =IF(班級基本資料!A5="","",班級基本資料!C5) | D5: =IF($A5="","",IF(AND(節數矩陣!D5>0,配課表!D5=""),"⚠","")) | E5: =IF($A5="","",IF(AND(節數矩陣!E5>0,配課表!E5=""),"⚠","")) | F5: =IF($A5="","",IF(AND(節數矩陣!F5>0,配課表!F5=""),"⚠","")) | G5: =IF($A5="","",IF(AND(節數矩陣!G5>0,配課表!G5=""),"⚠","")) | H5: =IF($A5="","",IF(AND(節數矩陣!H5>0,配課表!H5=""),"⚠","")) | I5: =IF($A5="","",IF(AND(節數矩陣!I5>0,配課表!I5=""),"⚠","")) | J5: =IF($A5="","",IF(AND(節數矩陣!J5>0,配課表!J5=""),"⚠","")) | K5: =IF($A5="","",IF(AND(節數矩陣!K5>0,配課表!K5=""),"⚠","")) | ... U5: =IF($A5="","",IF(AND(節數矩陣!U5>0,配課表!U5=""),"⚠","")) | V5: =IF($A5="",0,SUMPRODUCT((節數矩陣!$D5:$U5>0)*(配課表!$D5:$U5="")*節數矩陣!$D5:$U5)) -> 0
A6: =IF(班級基本資料!A6="","",班級基本資料!A6) | B6: =IF(班級基本資料!A6="","",班級基本資料!B6) | C6: =IF(班級基本資料!A6="","",班級基本資料!C6) | D6: =IF($A6="","",IF(AND(節數矩陣!D6>0,配課表!D6=""),"⚠","")) | E6: =IF($A6="","",IF(AND(節數矩陣!E6>0,配課表!E6=""),"⚠","")) | F6: =IF($A6="","",IF(AND(節數矩陣!F6>0,配課表!F6=""),"⚠","")) | G6: =IF($A6="","",IF(AND(節數矩陣!G6>0,配課表!G6=""),"⚠","")) | H6: =IF($A6="","",IF(AND(節數矩陣!H6>0,配課表!H6=""),"⚠","")) | I6: =IF($A6="","",IF(AND(節數矩陣!I6>0,配課表!I6=""),"⚠","")) | J6: =IF($A6="","",IF(AND(節數矩陣!J6>0,配課表!J6=""),"⚠","")) | K6: =IF($A6="","",IF(AND(節數矩陣!K6>0,配課表!K6=""),"⚠","")) | ... U6: =IF($A6="","",IF(AND(節數矩陣!U6>0,配課表!U6=""),"⚠","")) | V6: =IF($A6="",0,SUMPRODUCT((節數矩陣!$D6:$U6>0)*(配課表!$D6:$U6="")*節數矩陣!$D6:$U6)) -> 0
A7: =IF(班級基本資料!A7="","",班級基本資料!A7) | B7: =IF(班級基本資料!A7="","",班級基本資料!B7) | C7: =IF(班級基本資料!A7="","",班級基本資料!C7) | D7: =IF($A7="","",IF(AND(節數矩陣!D7>0,配課表!D7=""),"⚠","")) | E7: =IF($A7="","",IF(AND(節數矩陣!E7>0,配課表!E7=""),"⚠","")) | F7: =IF($A7="","",IF(AND(節數矩陣!F7>0,配課表!F7=""),"⚠","")) | G7: =IF($A7="","",IF(AND(節數矩陣!G7>0,配課表!G7=""),"⚠","")) | H7: =IF($A7="","",IF(AND(節數矩陣!H7>0,配課表!H7=""),"⚠","")) | I7: =IF($A7="","",IF(AND(節數矩陣!I7>0,配課表!I7=""),"⚠","")) | J7: =IF($A7="","",IF(AND(節數矩陣!J7>0,配課表!J7=""),"⚠","")) | K7: =IF($A7="","",IF(AND(節數矩陣!K7>0,配課表!K7=""),"⚠","")) | ... U7: =IF($A7="","",IF(AND(節數矩陣!U7>0,配課表!U7=""),"⚠","")) | V7: =IF($A7="",0,SUMPRODUCT((節數矩陣!$D7:$U7>0)*(配課表!$D7:$U7="")*節數矩陣!$D7:$U7)) -> 0
A8: =IF(班級基本資料!A8="","",班級基本資料!A8) | B8: =IF(班級基本資料!A8="","",班級基本資料!B8) | C8: =IF(班級基本資料!A8="","",班級基本資料!C8) | D8: =IF($A8="","",IF(AND(節數矩陣!D8>0,配課表!D8=""),"⚠","")) | E8: =IF($A8="","",IF(AND(節數矩陣!E8>0,配課表!E8=""),"⚠","")) | F8: =IF($A8="","",IF(AND(節數矩陣!F8>0,配課表!F8=""),"⚠","")) | G8: =IF($A8="","",IF(AND(節數矩陣!G8>0,配課表!G8=""),"⚠","")) | H8: =IF($A8="","",IF(AND(節數矩陣!H8>0,配課表!H8=""),"⚠","")) | I8: =IF($A8="","",IF(AND(節數矩陣!I8>0,配課表!I8=""),"⚠","")) | J8: =IF($A8="","",IF(AND(節數矩陣!J8>0,配課表!J8=""),"⚠","")) | K8: =IF($A8="","",IF(AND(節數矩陣!K8>0,配課表!K8=""),"⚠","")) | ... U8: =IF($A8="","",IF(AND(節數矩陣!U8>0,配課表!U8=""),"⚠","")) | V8: =IF($A8="",0,SUMPRODUCT((節數矩陣!$D8:$U8>0)*(配課表!$D8:$U8="")*節數矩陣!$D8:$U8)) -> 0
A9: =IF(班級基本資料!A9="","",班級基本資料!A9) | B9: =IF(班級基本資料!A9="","",班級基本資料!B9) | C9: =IF(班級基本資料!A9="","",班級基本資料!C9) | D9: =IF($A9="","",IF(AND(節數矩陣!D9>0,配課表!D9=""),"⚠","")) | E9: =IF($A9="","",IF(AND(節數矩陣!E9>0,配課表!E9=""),"⚠","")) | F9: =IF($A9="","",IF(AND(節數矩陣!F9>0,配課表!F9=""),"⚠","")) | G9: =IF($A9="","",IF(AND(節數矩陣!G9>0,配課表!G9=""),"⚠","")) | H9: =IF($A9="","",IF(AND(節數矩陣!H9>0,配課表!H9=""),"⚠","")) | I9: =IF($A9="","",IF(AND(節數矩陣!I9>0,配課表!I9=""),"⚠","")) | J9: =IF($A9="","",IF(AND(節數矩陣!J9>0,配課表!J9=""),"⚠","")) | K9: =IF($A9="","",IF(AND(節數矩陣!K9>0,配課表!K9=""),"⚠","")) | ... U9: =IF($A9="","",IF(AND(節數矩陣!U9>0,配課表!U9=""),"⚠","")) | V9: =IF($A9="",0,SUMPRODUCT((節數矩陣!$D9:$U9>0)*(配課表!$D9:$U9="")*節數矩陣!$D9:$U9)) -> 0
A10: =IF(班級基本資料!A10="","",班級基本資料!A10) | B10: =IF(班級基本資料!A10="","",班級基本資料!B10) | C10: =IF(班級基本資料!A10="","",班級基本資料!C10) | D10: =IF($A10="","",IF(AND(節數矩陣!D10>0,配課表!D10=""),"⚠","")) | E10: =IF($A10="","",IF(AND(節數矩陣!E10>0,配課表!E10=""),"⚠","")) | F10: =IF($A10="","",IF(AND(節數矩陣!F10>0,配課表!F10=""),"⚠","")) | G10: =IF($A10="","",IF(AND(節數矩陣!G10>0,配課表!G10=""),"⚠","")) | H10: =IF($A10="","",IF(AND(節數矩陣!H10>0,配課表!H10=""),"⚠","")) | I10: =IF($A10="","",IF(AND(節數矩陣!I10>0,配課表!I10=""),"⚠","")) | J10: =IF($A10="","",IF(AND(節數矩陣!J10>0,配課表!J10=""),"⚠","")) | K10: =IF($A10="","",IF(AND(節數矩陣!K10>0,配課表!K10=""),"⚠","")) | ... U10: =IF($A10="","",IF(AND(節數矩陣!U10>0,配課表!U10=""),"⚠","")) | V10: =IF($A10="",0,SUMPRODUCT((節數矩陣!$D10:$U10>0)*(配課表!$D10:$U10="")*節數矩陣!$D10:$U10)) -> 0
A11: =IF(班級基本資料!A11="","",班級基本資料!A11) | B11: =IF(班級基本資料!A11="","",班級基本資料!B11) | C11: =IF(班級基本資料!A11="","",班級基本資料!C11) | D11: =IF($A11="","",IF(AND(節數矩陣!D11>0,配課表!D11=""),"⚠","")) | E11: =IF($A11="","",IF(AND(節數矩陣!E11>0,配課表!E11=""),"⚠","")) | F11: =IF($A11="","",IF(AND(節數矩陣!F11>0,配課表!F11=""),"⚠","")) | G11: =IF($A11="","",IF(AND(節數矩陣!G11>0,配課表!G11=""),"⚠","")) | H11: =IF($A11="","",IF(AND(節數矩陣!H11>0,配課表!H11=""),"⚠","")) | I11: =IF($A11="","",IF(AND(節數矩陣!I11>0,配課表!I11=""),"⚠","")) | J11: =IF($A11="","",IF(AND(節數矩陣!J11>0,配課表!J11=""),"⚠","")) | K11: =IF($A11="","",IF(AND(節數矩陣!K11>0,配課表!K11=""),"⚠","")) | ... U11: =IF($A11="","",IF(AND(節數矩陣!U11>0,配課表!U11=""),"⚠","")) | V11: =IF($A11="",0,SUMPRODUCT((節數矩陣!$D11:$U11>0)*(配課表!$D11:$U11="")*節數矩陣!$D11:$U11)) -> 0
A12: =IF(班級基本資料!A12="","",班級基本資料!A12) | B12: =IF(班級基本資料!A12="","",班級基本資料!B12) | C12: =IF(班級基本資料!A12="","",班級基本資料!C12) | D12: =IF($A12="","",IF(AND(節數矩陣!D12>0,配課表!D12=""),"⚠","")) | E12: =IF($A12="","",IF(AND(節數矩陣!E12>0,配課表!E12=""),"⚠","")) | F12: =IF($A12="","",IF(AND(節數矩陣!F12>0,配課表!F12=""),"⚠","")) | G12: =IF($A12="","",IF(AND(節數矩陣!G12>0,配課表!G12=""),"⚠","")) | H12: =IF($A12="","",IF(AND(節數矩陣!H12>0,配課表!H12=""),"⚠","")) | I12: =IF($A12="","",IF(AND(節數矩陣!I12>0,配課表!I12=""),"⚠","")) | J12: =IF($A12="","",IF(AND(節數矩陣!J12>0,配課表!J12=""),"⚠","")) | K12: =IF($A12="","",IF(AND(節數矩陣!K12>0,配課表!K12=""),"⚠","")) | ... U12: =IF($A12="","",IF(AND(節數矩陣!U12>0,配課表!U12=""),"⚠","")) | V12: =IF($A12="",0,SUMPRODUCT((節數矩陣!$D12:$U12>0)*(配課表!$D12:$U12="")*節數矩陣!$D12:$U12)) -> 0
A13: =IF(班級基本資料!A13="","",班級基本資料!A13) | B13: =IF(班級基本資料!A13="","",班級基本資料!B13) | C13: =IF(班級基本資料!A13="","",班級基本資料!C13) | D13: =IF($A13="","",IF(AND(節數矩陣!D13>0,配課表!D13=""),"⚠","")) | E13: =IF($A13="","",IF(AND(節數矩陣!E13>0,配課表!E13=""),"⚠","")) | F13: =IF($A13="","",IF(AND(節數矩陣!F13>0,配課表!F13=""),"⚠","")) | G13: =IF($A13="","",IF(AND(節數矩陣!G13>0,配課表!G13=""),"⚠","")) | H13: =IF($A13="","",IF(AND(節數矩陣!H13>0,配課表!H13=""),"⚠","")) | I13: =IF($A13="","",IF(AND(節數矩陣!I13>0,配課表!I13=""),"⚠","")) | J13: =IF($A13="","",IF(AND(節數矩陣!J13>0,配課表!J13=""),"⚠","")) | K13: =IF($A13="","",IF(AND(節數矩陣!K13>0,配課表!K13=""),"⚠","")) | ... U13: =IF($A13="","",IF(AND(節數矩陣!U13>0,配課表!U13=""),"⚠","")) | V13: =IF($A13="",0,SUMPRODUCT((節數矩陣!$D13:$U13>0)*(配課表!$D13:$U13="")*節數矩陣!$D13:$U13)) -> 0
... A41: =IF(班級基本資料!A41="","",班級基本資料!A41) | B41: =IF(班級基本資料!A41="","",班級基本資料!B41) | C41: =IF(班級基本資料!A41="","",班級基本資料!C41) | D41: =IF($A41="","",IF(AND(節數矩陣!D41>0,配課表!D41=""),"⚠","")) | E41: =IF($A41="","",IF(AND(節數矩陣!E41>0,配課表!E41=""),"⚠","")) | F41: =IF($A41="","",IF(AND(節數矩陣!F41>0,配課表!F41=""),"⚠","")) | G41: =IF($A41="","",IF(AND(節數矩陣!G41>0,配課表!G41=""),"⚠","")) | H41: =IF($A41="","",IF(AND(節數矩陣!H41>0,配課表!H41=""),"⚠","")) | I41: =IF($A41="","",IF(AND(節數矩陣!I41>0,配課表!I41=""),"⚠","")) | J41: =IF($A41="","",IF(AND(節數矩陣!J41>0,配課表!J41=""),"⚠","")) | K41: =IF($A41="","",IF(AND(節數矩陣!K41>0,配課表!K41=""),"⚠","")) | ... U41: =IF($A41="","",IF(AND(節數矩陣!U41>0,配課表!U41=""),"⚠","")) | V41: =IF($A41="",0,SUMPRODUCT((節數矩陣!$D41:$U41>0)*(配課表!$D41:$U41="")*節數矩陣!$D41:$U41)) -> 0
U43: 全校未配節數 | V43: =SUM(V2:V41) -> 6

Sheet 資源班overlay
A1: 組別/學生代號 | B1: 原班班級代碼 | C1: 抽離操作科目 | D1: 資源班教師 | E1: 星期 | F1: 節次 | G1: 備註 | I1: 硬規格13：overlay疊加呈現，不覆蓋原班課表；抽離時段須與原班該科目時段一致（由排課引擎連動）
A2: A組 | B2: 1甲 | C2: 數學 | D2: 資源教師甲 | G2: 範例：不填星期節次由引擎自排；一列=一節
